V3,V4,V5,V6,V7,V8,V9,V10,V11,V12,V13,V14,V15,V16,V17,V18,V19,V20,V21,V22,V23,V24,V25,V26,V27,V28
438397.91,0,0,0,0,0,0,0,0,0,0,0,0,0,0,0,0,0,0,0,0,0,0,0,0,0
247895.36,598335.62,NA,0,0.0580742343514967,0.00139472093166103,NA,NA,0,0.06,5.07883443670491e-06,0.00518784650173496,0,0,0.000245892739514685,3.14780743679181e-05,0.00127674685422137,0,NA,0,0.0113494005836402,0.0112518505536611,0.00141176400788237,0.00685984787732082,0.00467042305946883,0.0105126685516091
310507.69,30285.13,NA,0,0.00114848556349028,0.000374578478982666,NA,NA,0.0216803652240303,0.000122013956198544,0,0.000449804760593411,0,3.76263703067986e-05,0.00100639818195957,1.40673473808828e-05,0.00178561535834995,0.000103805379002663,NA,0.0598609291172033,0.0593462630096062,0.00244030835824238,5.77082458075583e-08,2.26579386190893e-06,0.000764939941549114,0.000503062514501484
270548.89,136849.04,NA,0,0.0564954419002193,0.013115115357806,NA,NA,0.06,3.07298831664029e-05,5.93918442081237e-06,5.23769965913981e-05,8.79149430412055e-06,0,0,2.01873682750965e-05,0,0.00236976716483143,NA,0.0592334497576971,0.0125341289812027,0.06,0.000102178999852687,1.22787954823816e-06,0.00148182672104778,0.000887615829040263
314333.18,12063.19,NA,0.06,0.000903168124631901,0,NA,NA,0.00121875710219124,0.00245214463775717,8.45570203716763e-08,0.000500610183505231,0,0,0.000243082963200103,3.14626770236548e-05,0,5.83042299914923e-05,NA,0,0.000344399930584687,0.0109002881932108,0.00011354013340004,0.0132140851913808,7.57968696360914e-05,5.00859177346245e-05
267514.38,171125.2,NA,0.00118728552542519,0.0474381800976978,0.00140111882420812,NA,NA,0,0.0515207446793919,1.63151079725502e-05,0.000143168118983814,0,6.0743489595054e-07,0.000114958354930913,0.00903528785370296,0.00115031595251939,0.00210531858657553,NA,0.000112706693415721,0.0103670201494889,0.000412957813243874,0.000313551059805272,0.0134179701897826,0.00456840985358516,0
308936.33,57159.36,NA,0.000288934757035695,0.00160504333731855,0.00540233934359881,NA,NA,0.0539860785451502,0.06,7.02132234027403e-05,0.000386340348662652,8.77745984201987e-05,5.97871544094875e-06,6.39442081979186e-05,0.00788939278419376,0.00195659898747465,0,NA,0.0108686733671229,3.58821825744088e-05,0.00240743892418985,0.000385413374812862,0.0125221188438119,0.00118916673230431,0.000967046594229087
255983.05,489282.45,NA,0,0.00353734054865464,0.000712626563695586,NA,NA,0.06,0.000571863221455655,6.35339445449034e-05,2.56007644238715e-05,0.000512851506651575,0,0.00100825094128062,0.000319605270419134,0.00238604297676952,0.00549477614439863,NA,0.0513935465612308,0.000210477541889964,0,4.92226956561482e-05,8.107022630609e-07,0.000434974627694283,0.0111869518769964
245421.95,604626.13,NA,0.0599309804140113,0.0263237314965468,9.41122625860411e-06,NA,NA,0.0364822226885435,0.000157560380347132,6.77858361413487e-05,2.14898122719048e-05,2.48279272416322e-06,0,3.10186177689362e-05,0.000183501389061007,8.66239925629347e-05,0.00261537501543676,NA,0.06,1.56537936465107e-06,0.000163782188323355,1.25240669300816e-05,0.00235041386832884,0.000143941393728917,0.0115511088493533
243455.66,634703.21,NA,0.057071064132022,0.0466320087379049,0.00191493589702151,NA,NA,0.0396007375825777,0.00157829119096536,8.4907056649208e-05,1.73342328026803e-05,2.6971188023749e-07,6.28003968603921e-06,0.00060479462779585,0.000179810051155705,0.00202329465113932,0.00258234369528978,NA,0.0139672191647992,2.13798244531683e-06,6.52396398752532e-06,0.00267545908949852,0.0124917750776478,5.21522506127337e-05,0.0113186086033743
252867.8,574573.44,NA,2.33650090353895e-05,0.0466862221048226,0.00801934258458573,NA,NA,0.06,0.00222883045646083,8.45258124062532e-05,2.48539047658139e-05,4.02396801341254e-06,7.90373027377647e-06,0.001755948357418,0.00986522392912204,0.00198182332354108,0.00553840305696438,NA,0.0128552310587345,1.32373712600264e-05,2.51962683486904e-06,0.00269159685633781,0.000533801390337213,0.00202737600562423,0.0116943655650034
203701.65,1840876.52,NA,0.0146972758125827,0.000748373143765049,0.0579531382875033,NA,NA,0,0.06,8.54472927876301e-05,0.000287914521734152,0.00029484230381864,7.19175470951064e-07,0.012631680214019,0.000592610301917237,0.00464070645839626,0.00264174175299022,NA,0.0589909528132912,0.000271068361550871,0.0597842316091718,0.00394857767481442,0.010043903648444,0.00220722033918703,0.0129917860099016
243455.66,634703.21,NA,0.057071064132022,0.06,0.0226293334934948,NA,NA,0.0396007375825777,0.00157829119096536,8.4907056649208e-05,1.73342328026803e-05,2.6971188023749e-07,6.28003968603921e-06,0.00060479462779585,0.000179810051155705,0.00202329465113932,0.00258234369528978,NA,0.0139672191647992,2.13798244531683e-06,6.52396398752532e-06,0.00267545908949852,0.0124917750776478,5.21522506127337e-05,0.0113186086033743
257436.74,436971.54,NA,0.06,0.0339603301173131,0.00761303149322229,NA,NA,0.00163420937085373,0.0597612091548834,0,0.000297813723432835,0.000269370967113456,9.55928423077809e-07,0.000847929829850078,0.00055745464541917,0.00168258812005534,0.00264689433283768,NA,0.0583755245235322,0.000546780665082756,0.0220397585266652,0.00230752818514054,0.00771808920970688,0.00824372676864009,0.010648868837377
162748.31,4059062.62,NA,0.0598632160437898,0,0.059280798901662,NA,NA,0,0.000414889555384113,7.85912315718318e-05,3.30981128678331e-05,2.40378788892745e-05,3.30504543107721e-05,0.0140469599196743,0.00173838936013662,0.000865251041730691,0.00274114972576412,NA,0.000374546203239401,0.06,0.059480608231433,0.0138405705458038,0.0447812178070955,0.0100538940885673,0.024953448020123
270548.89,136849.04,NA,0,0.0564954419002193,0.06,NA,NA,0.06,3.07298831664029e-05,5.93918442081237e-06,5.23769965913981e-05,8.79149430412055e-06,0,0,2.01873682750965e-05,0,0.00236976716483143,NA,0.0592334497576971,0.0125341289812027,0.06,0.000102178999852687,1.22787954823816e-06,0.00148182672104778,0.000887615829040263
243455.66,634703.21,NA,0.057071064132022,0.06,0,NA,NA,0.0396007375825777,0.00157829119096536,8.4907056649208e-05,1.73342328026803e-05,2.6971188023749e-07,6.28003968603921e-06,0.00060479462779585,0.000179810051155705,0.00202329465113932,0.00258234369528978,NA,0.0139672191647992,2.13798244531683e-06,6.52396398752532e-06,0.00267545908949852,0.0124917750776478,5.21522506127337e-05,0.0113186086033743
239353.07,679965.33,NA,0.000345286396098224,0.000326398505438758,0.000476044104134245,NA,NA,0.0584642277061842,1.86685125740304e-05,4.23646233162144e-06,1.03875473514493e-07,8.95752332570124e-05,7.6287835781592e-06,0.000116675432779503,3.66123343403511e-05,4.14482476546897e-06,0.00255996131155548,NA,0.0535936165156677,5.6669048284565e-08,1.26944603248524e-10,0,0.00230504929188719,0.00766356198355848,0.0115651712643401
206457.97,1725123.78,NA,0.0144145215928155,0.000333160148790317,0.0567201578190275,NA,NA,0.00109209918006362,0.0580567721409954,0,0,0.00239642640434167,0.000111970585367457,0.012629774486459,0.000318648461900246,0.00441268413930876,0.00267443061218392,NA,0.059243041910525,0,0.0571657927805146,0.00387966168629994,0.00875405966378527,0.00229449719597609,0.011520607902309
271154.68,136713.37,NA,0.0569208503836548,0.00242689091044723,0.0122355237020906,NA,NA,0.00138859329711086,0.000318341069516904,3.78261183792861e-08,0.00053040803501338,3.03502777438541e-07,0,0.000231575991909784,0,0,0.0022471694357716,NA,0.000554594776359028,0.0119786284539157,0.0551620966148223,0.000102683617895735,0.0127634331653611,0.000128180077882198,0.000867561468872857
205273.34,1749276.45,NA,0.00448079937110656,0.0039222294391503,0.00176806320643057,NA,NA,0.0528174083178433,5.13776328436568e-05,3.00294351714357e-07,0,7.23410354782026e-05,7.30558107932893e-07,0.0124855894275955,0.000828197284656608,0.00175156527251797,0.0026440432058483,NA,0.0566428849468004,0,0.0574854895577198,0,0.00223695259083654,0,0.0127790866903501
238189.45,702506.49,NA,0.0568339909101576,0.0273245144418822,0.00929125307264915,NA,NA,0.000195018109956995,0.058793461943965,0,0.000297965318512491,2.18897435919974e-07,1.98174298735453e-07,0.000950439642881052,0.000531034650587043,0.0016803146241378,0.00311154317808996,NA,0.0429426982064057,0.000677617496267077,0.0239996101813414,1.19334065961606e-05,0.00761338506808933,0.00793120757148824,0.0118261808741928
309425.08,42351.8,NA,1.50280111862547e-05,0.00604880559217629,0.0574271153067434,NA,NA,0.0548553715997719,0.0599657631161452,0,1.98640385585111e-05,1.72430415136827e-06,5.49816464713841e-06,8.02464815774075e-05,0.000613779098510415,0.00250000689306846,0,NA,0.0108554041632246,3.54392464388804e-05,0.00255964724780697,0.000601674676900896,0.0150257435627935,8.78119812092377e-07,0.00145267056174108
165317.95,3815542.31,NA,0.0599525808873379,0.000781457882866197,0.0031348895945783,NA,NA,0.00257810909483497,0.053679686685838,2.02504522210499e-07,0,2.20246396412056e-05,5.82115960169283e-05,0.0140207366769978,1.70041032563435e-06,0.00121688830088482,0.00261636598428098,NA,0.000144531997470104,0.06,0.00923897252658433,0.00456140435777463,0.06,0.0103099052755918,0.0220755436017296
179636.06,2662889.02,NA,0.00736704745713968,0.00300671791065285,0.000646728306719598,NA,NA,0,0.0498259515572475,1.15151372837149e-05,0,0.00062763163142682,5.96271134889439e-05,0.0134758341558877,0.000368919361693978,0.00176984410088524,0.00246741162508436,NA,0.000572096998407801,2.38773494994955e-06,0.000875324244489453,0.000602899763546623,2.47852309694409e-05,7.03627026266058e-05,0.0117171110993463
229139.77,1113342.41,NA,1.3378315408116e-05,0.06,0.00150781068246528,NA,NA,0.00515440586461945,0.04750083917635,7.96041864200101e-05,5.21349937861897e-06,5.22077060391464e-06,0.000145652842142706,0,1.92441011909897e-05,0.00155426885889406,0.00503027439965363,NA,0.0013017217992812,0.000467733278143186,0.00614933560165527,0,0.00286599589225305,0.00736184094336778,0.017263635809934
248339.54,577758.89,NA,0.000344554269756455,0.00314323455178418,0.00067884038980826,NA,NA,0.00499266150215532,9.99528127378448e-06,1.94013735976471e-06,5.81265256189582e-07,0.000511614417029333,0,0.000147100190886759,0,0.00163364651236727,0.000372214127505065,NA,0.000106753397288838,0.000288993208492358,1.86191824279747e-06,6.15131802761614e-05,0.000135558592866196,0.000131896724648718,0.011034398798785
184125.65,2626314.61,NA,0.0139779037466598,0.000302680490008164,0.00246505132619032,NA,NA,0.0355628526726167,0.00307908253021313,0.000123870514907832,0.000751590919842097,6.83891743311875e-05,0.000791201761731193,0.0134101697899535,0.000313767106413704,0.000206483758525352,0.00273532776234863,NA,0.0599636362714609,0.000204359851838182,0.000719888691617047,1.48135213887552e-05,0,0.00047913721281292,0.0116250689216761
248339.54,577758.89,NA,0.000344554269756455,0.06,0.00067884038980826,NA,NA,0.00499266150215532,9.99528127378448e-06,1.94013735976471e-06,5.81265256189582e-07,0.000511614417029333,0,0.000147100190886759,0,0.00163364651236727,0.000372214127505065,NA,0.000106753397288838,0.000288993208492358,1.86191824279747e-06,6.15131802761614e-05,0.000135558592866196,0.000131896724648718,0.011034398798785
154097.57,4865803.45,NA,5.32027284801546e-05,0.00460863242090338,0.0179525052028862,NA,NA,0.0593240004495334,0.0507123650496376,0.000122731202373282,0.000739526245634207,0,3.50976820744423e-05,0.0132754431399082,0.0117928860934195,0.00266140670729249,0.00222387488713591,NA,0.049867585888308,2.40829652448637e-05,0.0583248031192935,0.0414395559469156,0.00191228511455422,0.0200429062703048,0.013160973549214
310807.89,22646.2,NA,0.000205358533750082,0.00297040511757263,0.0006280951909108,NA,NA,0.00229797776245371,5.18430322219113e-06,5.97797945678335e-05,7.0524580929736e-08,1.91781364252289e-05,3.10920176136455e-08,0.000164130158871235,0.000799483539488298,0.00170670792378971,0,NA,0,0.000302574720590294,0.0564709803472728,1.84289858975699e-05,1.14240052463191e-05,5.47535044313461e-06,0.000545177122880054
314447.78,1562.63,NA,0,0.0562973312479193,0.0128645007810828,NA,NA,0.00399733756292569,0,5.48380584070536e-06,1.10994649139968e-06,8.30193945913359e-06,0,0,2.0084124024514e-05,0,0.0001179979663863,NA,0.00129337600741882,0,0.0564653697306752,9.79407921025948e-05,1.19068955905334e-06,8.22086446792148e-07,0
237706.03,748612.22,NA,0.0562783189830247,0.0252163272260434,0.00141014857825373,NA,NA,1.0109231451803e-06,0.0504967816288066,1.13954397442241e-05,0.0002684051012276,0,4.91515061552253e-07,0.00236703026859176,0.000539340781709292,0,0.00247174929931442,NA,0.00045703437266275,0.000610453931981835,0.0224958031049381,0.000609011812519594,0.000439489993651471,0.00783158611614771,0.0118260275141934
262553.27,274186.52,NA,0.000270815121774356,0.06,0.0180970415488145,NA,NA,0.0519729685571571,1.21406553642739e-09,3.2099103188368e-06,0.00163589084389564,4.91680801323946e-05,3.86905674751425e-05,0.000728915886096526,3.92613607358459e-05,0.00135273611847498,0.00388191390918159,NA,0.0581318957540806,0.0594062741041614,0.00224456344279854,0.000461599732507304,0.0112653875142538,0.00254412563073779,0.000143815100931939
162748.31,4059062.62,NA,0.0598632160437898,0,0.059280798901662,NA,NA,0,0.000414889555384113,7.85912315718318e-05,3.30981128678331e-05,2.40378788892745e-05,3.30504543107721e-05,0.0140469599196743,0.00173838936013662,0.000865251041730691,0.00274114972576412,NA,0.000374546203239401,0.06,0.06,0.0138405705458038,0.0447812178070955,0.0100538940885673,0.024953448020123
174392.09,2790906.85,NA,0.00267843529813269,0.00426016472259604,0,NA,NA,0.00313202073159429,0.000244087330564229,3.53840612489106e-06,0.000876780797211487,6.53476605428271e-05,0,0.0131586964112809,0.00765731526245941,0.00153906520829424,0.00304589193783713,NA,0.00120687809073735,5.89342031103658e-05,0.0597961812860909,0.00568248537426331,0.00718279572751998,0.00905225160394272,0.0126765709508656
269058.06,156894.4,NA,0.00427497198114935,0.000185746169118829,0.00064056371515751,NA,NA,0.0526461611233024,0.00320353018431644,7.96141179500928e-07,0,4.93949056695847e-05,7.383514322716e-07,0.000351545737524516,1.53470127006855e-05,0.000105505157742323,0.00264591592326451,NA,0.06,1.95109343800508e-07,0.0513369911388169,5.59089960857194e-06,7.49179058372486e-05,2.81743325790772e-06,0.000646448854333044
230110.19,966087.5,NA,0.049134121262428,0.00843248759812502,0.0580253706622631,NA,NA,0.06,0.000518776200170408,6.01382131143113e-05,3.3155365791913e-05,0.000101471757019952,1.28393876525644e-06,0.00147832916713405,0.000329784420939804,0.00147939816726671,0.00510710164992014,NA,0.0513478627050639,0.000212745170362815,0.00596770803840378,0.00155012615143056,0.0029609614953082,0.00979944210069916,0.0146899147823765
271157.89,136651.53,NA,0,0.00242689091044723,0.0122355237020906,NA,NA,0.00138859329711086,0.000318341069516904,3.78261183792861e-08,0.00053040803501338,3.03502777438541e-07,0,0.000231575991909784,0,0,0.0022471694357716,NA,0.000554594776359028,0.0119786284539157,0.0551620966148223,0.000102683617895735,0.0127634331653611,0,0.000867561468872857
153081.08,5090892.95,NA,0.0012736180153692,0,0,NA,NA,0.0599974572964019,0.00352804371021532,7.53060320214308e-06,0.000753938674734631,4.62072749860941e-05,2.15825105701351e-06,0.0149147080551046,0.0111084241753448,0.00170809557592428,0.000181454407723591,NA,0.00155925394515052,0.00206262215525229,0.0492329102349591,0.041834173942373,0,0.0276178598562371,0.0132235831201955
114390.82,8280342.33,NA,0.0562854242910358,0.000979210862726657,1.56225739016651e-05,NA,NA,0.0543432431533193,0.000644362547581838,7.34931984621866e-06,0.00199552478633945,4.07521942702306e-05,0.000733007591489576,0.0125690561931797,0.000770008173647601,0.000160233934705736,6.48989325428429e-05,NA,0.0580206514830024,0.000202250115525054,0.00021063108881274,0.0473804910777574,0.0575508213904023,0.00943439298418636,0.0116685948011082
253113.26,501436.91,NA,0.0546087809097039,0.00128859306536116,9.66438502505189e-05,NA,NA,2.04179233167663e-06,0.0598750906934295,0,0.000292996490779136,0,3.23338365659319e-06,0.000828310828620486,0.000529257379514914,0.00168776159358902,0.00317968457883955,NA,2.35220186720689e-05,0,0.0236120485752174,1.52589324628935e-05,2.84360813123021e-05,0.00792349132239097,0.0118249297339153
259219.7,385155.69,NA,0,0.00483292985778592,0.0180893019393459,NA,NA,0.0120591300131043,5.06764029105294e-07,3.81528577317261e-06,3.26364239405325e-05,0.000654202350949143,8.27848645103825e-05,0.000493089951274597,0.000352941198884539,0.00154672365050344,0.00357547739976157,NA,0.0222415634873612,0,0.00060499679012626,0.00123538727630906,0,0.000111839421372452,0.0108280649862356
205273.34,1749276.45,NA,0.00448079937110656,0.0039222294391503,0.00176806320643057,NA,NA,0.0528174083178433,0,3.00294351714357e-07,0,7.23410354782026e-05,7.30558107932893e-07,0.0124855894275955,0.000828197284656608,0.00175156527251797,0.0026440432058483,NA,0.0566428849468004,0,0.0574854895577198,0,0.00223695259083654,0,0.0127790866903501
262737.5,261369.34,NA,0,0.0036774845906047,0.0181721112792955,NA,NA,0.06,0,0,0.00045994932790682,0,3.44941888025439e-05,0.000622463623780094,3.15829978754486e-05,0.00165930079910699,0.00376097148996212,NA,0.0580259252562716,0.06,0,0.000404136184826711,0.0119697337939513,0.00228683917409468,0
199402.43,1934594.38,NA,0.054645182956292,0.00122610401328702,0.00371225489379582,NA,NA,0.0593729644490437,0.00377598886809537,1.99451189351658e-08,0.000845574709897825,0.00235913291261155,0,0.0127531388437007,0.00233556529574692,0.00112182916168017,0.00303050200308411,NA,0.00153539350055071,0.06,0.0116019742772114,0.00352012859898407,0,0.0103897225155941,0.012434017484296
162748.31,4059062.62,NA,0.0598632160437898,0,0.06,NA,NA,0.06,0.000414889555384113,7.85912315718318e-05,3.30981128678331e-05,2.40378788892745e-05,3.30504543107721e-05,0.0140469599196743,0.00173838936013662,0.000865251041730691,0.00274114972576412,NA,0.000374546203239401,0.06,0.06,0.0138405705458038,0.0447812178070955,0.0100538940885673,0.024953448020123
152736.19,5197205.58,NA,0.0541725200330449,0.0575999498565045,0.0557234790899025,NA,NA,0.059370693231189,0.000868030469190732,1.91265334607682e-08,0.000547803504478634,0.00236522081339275,8.92229150807088e-07,0.0144355969054338,0.00234738508925836,0.00460762144897367,0.00253559458889463,NA,0.0596240294345098,0.0567191733490895,0.000536549484643231,0.0439362921393264,0.0411876463146445,0.0102033755319075,0.0124445425514707
231484.8,924926.89,NA,0.00132885071873948,0.059253756741994,0.000390204612863337,NA,NA,0.0578658658759914,0.047610623511247,5.08904889436205e-07,4.21054329588571e-07,9.94388538767961e-05,0,0.00274392837841841,0.0009481101687533,9.60840603914916e-05,0.00401395080033593,NA,0.00123291753435337,0,0.00514867511853009,0.000556293148703636,0.00110075988929131,0.00737047250418587,0.0141427677910505
113009.71,9237420.57,NA,0.00411901884590906,0.00419152761444175,0.00356686097617107,NA,NA,0.000947571416435072,0.00206053921659164,5.443911389118e-07,0.000839629608733413,0.00236332378299435,1.45796605195989e-08,0.0127725392841456,2.2530760211837e-05,0,0.00300408256963116,NA,9.42997690521962e-05,0.0578134482122459,0.0120599652861016,0.0532499433220877,0.0332404720476181,0.019337358160306,0.011840840249878
148229.03,5401325.32,NA,0.0569735887572233,0.0592777155053911,0.0566514132350609,NA,NA,0.006167393000391,0.0586630202289731,1.76833646738289e-08,0.00025370873192906,0.00235339325066779,8.74191805483752e-07,0.0131282274745123,0.00122760845825426,0.00460647089338736,0.00252310266455548,NA,0.0592599473044077,0.06,0.0485652100646605,0.044628079329335,0.0470267889145797,0.0102284031205242,0.0124362959909111
265263.3,197393.52,NA,0.00221828946789816,0.000232894233357878,0.000704175255937337,NA,NA,0.00675251688486903,0.00168913419020206,1.11913522093903e-06,3.09996216965485e-05,6.4008458279464e-05,7.8969153546981e-06,0.00028072587566324,0.000970935440197581,0.00143637623962214,0.00307384036715043,NA,0.0497035606993766,0.000428072738129276,0.0582302406350858,0.000538700092366035,8.45367610844833e-05,3.78788012481415e-05,0
165317.95,3815542.31,NA,0.0599525808873379,0,0.0031348895945783,NA,NA,0.00257810909483497,0.053679686685838,2.02504522210499e-07,0,2.20246396412056e-05,5.82115960169283e-05,0.0140207366769978,1.70041032563435e-06,0.00121688830088482,0.00261636598428098,NA,0.000144531997470104,0.06,0.00923897252658433,0.00456140435777463,0.06,0.0103099052755918,0.0220755436017296
171173.47,2982735.91,NA,0.0599429539534017,8.26311852482114e-07,0.0566407953414415,NA,NA,0.0599673265076567,0.00035145202529487,0,3.31130156048688e-05,3.34380747713466e-05,2.24993991633222e-05,0.0131795380928305,0.000927760091887046,0.000685798153421707,0.00274126500042287,NA,0.000412477915043127,0.0081630315174642,0.0599995783014982,0.0138059945186861,0.0449011105614844,0.0100285812549149,0.0127151575743281
314447.78,1562.63,NA,0,0.0562973312479193,0.0128645007810828,NA,NA,0.00399733756292569,0,5.48380584070536e-06,1.10994649139968e-06,8.30193945913359e-06,0,0,2.0084124024514e-05,0,0.0001179979663863,NA,0.00129337600741882,0.06,0.0564653697306752,9.79407921025948e-05,1.19068955905334e-06,8.22086446792148e-07,0
152736.19,5197205.58,NA,0.0541725200330449,0,0.0557234790899025,NA,NA,0.059370693231189,0.000868030469190732,1.91265334607682e-08,0.000547803504478634,0.00236522081339275,8.92229150807088e-07,0.0144355969054338,0.00234738508925836,0.00460762144897367,0.00253559458889463,NA,0.0596240294345098,0.0567191733490895,0,0.0439362921393264,0.0411876463146445,0.0102033755319075,0.0124445425514707
193951.68,2091259.52,NA,0.00321371082396256,0.00193491640852893,0.00128862581225962,NA,NA,0.00557190656832647,0.0576384337415523,3.4130436321628e-08,0.00139872502170974,0.000130724199630021,6.6682467454214e-05,0.0130240724706397,0.00120857393508872,0.00134430963384161,0.00265796733640422,NA,0.0576610399561191,9.25992540243136e-05,0.0501769423772045,0.00390660342149731,0.00998486364479767,0.00974102372944251,0.0127155188757666
160992.24,4145775.15,NA,1.59407074187767e-05,0.0017486754597654,0.00451482399796946,NA,NA,0.0582022948096577,0.00248983802467426,8.16795851656306e-05,1.74440496811551e-05,0.000591209869961012,1.74534188381118e-05,0.0137143806722767,0.0112175906641689,0.00190223489364178,0.00270056923398466,NA,0.0599302937394966,0.000221586931181365,0.00133699603188232,0.0218066844339023,0.000438956641026753,0.00959203789534049,0.0246953877292185
152389.08,5207081.82,NA,0.0541725200330449,0,0.0557234790899025,NA,NA,0.059370693231189,0.000868030469190732,1.91265334607682e-08,0.000547803504478634,0,8.92229150807088e-07,0.0144355969054338,0.00234738508925836,0,0.00253559458889463,NA,0.06,0,0,0.0439362921393264,0.0411876463146445,0.0102033755319075,0.0124445425514707
177047.1,2694795.06,NA,0.00623207892186317,0.00416827105271263,0.00301646181271902,NA,NA,0.00312330713401365,0.00140532592329598,8.12670514231623e-07,0.000801285426742909,0.00222908768546655,3.78920037270661e-07,0.0131947955314181,0.00738390861407076,0.00155006632030333,0.00261344169184475,NA,0.0551931223227179,0.0569682210840651,0.01259705358902,0,0.00795260145716503,0.00878997157730742,0.0117257409828995
314447.78,1562.63,NA,0,0.0562973312479193,0.06,NA,NA,0.00399733756292569,0,5.48380584070536e-06,1.10994649139968e-06,8.30193945913359e-06,0,0,2.0084124024514e-05,0,0.0001179979663863,NA,0.00129337600741882,0.06,0.0564653697306752,9.79407921025948e-05,0,8.22086446792148e-07,0
166686.92,3559589.48,NA,0.0543436155874111,0.025702677108322,0.0580803202004386,NA,NA,0.053027493746433,3.30916293289919e-05,0,0.00050890374832415,4.40207143277563e-09,8.88317101751917e-07,0.0138484751445029,0.00103363318501972,1.62612025295111e-05,0.00250388327777529,NA,0.0599907362426558,0.06,0.053514363167857,0.00460401331853545,0.0411425303917777,0.00801108646459694,0.020215410334244
203826.37,1770165.32,NA,0.0514125337393196,0.0250152971361984,0,NA,NA,0.000166228738011264,0.0478914509103017,1.16067696337729e-05,0.000281551363190972,9.11613209130004e-06,4.81634331217192e-07,0.0123451773449155,0.00765463897714839,0.00129284430563586,0.00245140995639595,NA,0.06,0.000114321240223256,0.0592546635521946,0.00110015550940023,0,0.00897823435395953,0.0126315854269094
177047.1,2694795.06,NA,0.00623207892186317,0.00416827105271263,0.00301646181271902,NA,NA,0.06,0.00140532592329598,8.12670514231623e-07,0.000801285426742909,0.00222908768546655,3.78920037270661e-07,0.0131947955314181,0.00738390861407076,0.00155006632030333,0.00261344169184475,NA,0.0551931223227179,0.0569682210840651,0.01259705358902,0,0.00795260145716503,0.00878997157730742,0.0117257409828995
193951.68,2091259.52,NA,0.00321371082396256,0.00193491640852893,0.00128862581225962,NA,NA,0.00557190656832647,0.0576384337415523,3.4130436321628e-08,0.00139872502170974,0.000130724199630021,6.6682467454214e-05,0.0130240724706397,0.00120857393508872,0.00134430963384161,0.00265796733640422,NA,0.0576610399561191,9.25992540243136e-05,0.06,0.00390660342149731,0.00998486364479767,0.00974102372944251,0.0127155188757666
225625.62,1179225.25,NA,0.06,0.00954073952651503,0.014320494374546,NA,NA,0.000884029886114832,0.00326545020235634,0,5.04223652297967e-06,0,3.05824340070509e-06,0.00693080345290554,1.76980118071825e-09,6.38757390388201e-05,0.00486923797134024,NA,0,0.0587283940642346,0.00594866128470371,0.000136637919943332,0.00252454261304889,0,0.0151649648709244
233969.05,816584.52,NA,0.0581499784681756,0.00364577119777431,0.00162909467487496,NA,NA,0.0528280359754724,0.000262728983242959,5.90683312178172e-07,1.39844600814625e-07,0,0,0.00267029800157379,0.00723571259865452,0.00175800134381576,0.00347061891255634,NA,0.0565546878146663,4.91728026133648e-05,0.00746734387027195,0,0.00251231714881006,0.00665146067237854,0.0127802862913434
232659.78,921008.3,NA,0.00201717980717642,0.0588356242964535,0.0473270248282373,NA,NA,0.0578933801588102,0.0476015713743263,8.56015215878025e-07,9.47868008019585e-07,9.72580729730866e-05,7.53535522399774e-07,0.00108133028848918,3.46920958554304e-05,6.97331547970509e-05,0.00380011781744006,NA,0.06,0.000977218268742273,0.00510888026524096,0.00286346870025971,0.00179357003516985,0.00737024086904105,0.0143326017300755
145840.99,5603715.7,NA,0.0455514095870515,0.0509081653917194,0.0556956260778354,NA,NA,0.0593783102801669,0.000863806232264929,1.20910229693469e-07,0.000544827094442758,4.73377299941038e-05,2.8930627147497e-05,0.0140757001140993,6.57219266799022e-05,0.000823833821683613,0.00256107871996189,NA,0.0579396204013773,0.00614880492970962,0.00879332605898962,0.0448534672520744,0.0411178055641347,0.00981124180030248,0.0137503811701256
140170.86,6133022.18,NA,0.00102546430542803,0.0587761316081681,0.0577400829363966,NA,NA,0.042030725814491,0.000409976930145505,8.66071948467982e-05,0.000167591334094369,0.000626890839583826,7.12457852376517e-05,0.0140017122556293,0.00888117014247344,0.00564606212892209,0,NA,0.06,0.000183047643317666,0.00650355481175924,0.0472153428110495,0,3.09029939754696e-07,0.0123032987602678
185528.81,2590856.72,NA,0.0593296081130845,1.55007542365467e-05,0.005277157208928,NA,NA,0.0599410620629488,0.000210118980639413,6.19729354578473e-05,0,3.19329313241701e-05,5.82133434603893e-05,0.0131769990052287,0.000865591040850819,0.00132429409888632,0.0027806989018319,NA,0.06,0.00633707891089502,0.00260522153858193,0.000657625779845345,0.0532094330817566,0.0102165002431194,0.0154257584823153
114059.49,8326675.76,NA,0.0455989812251324,0.00175726466791817,0.06,NA,NA,0.0416239605969781,0.00258299711759171,6.19957515330286e-05,0.00194590691922963,0.000139607489990869,0.000750974979148449,0.0135791542875489,8.47588117297883e-05,6.8049721224987e-05,0.00261808676138275,NA,0.0591837104608516,0.00170373053980512,0.043911493329616,0.0476317276938557,0.0518785203183772,0.0109369676818289,0.0117739956817827
219727.82,1316627.4,NA,0.000668986598106482,0.00450468574447866,0.000264332574543819,NA,NA,0.0597267017441513,0.00320437217684917,3.51565389710782e-06,0.000752336648398647,2.26656882047773e-06,2.959617399547e-06,0.00728787443724321,2.64635914027662e-05,0.00153880625382356,0.00531365439710529,NA,1.84065335018333e-06,0.00139610715339231,0.0572826842780113,0.000192990282700223,0.00713726579210525,0.00917144202189706,0.0153412096301288
229370.77,1076127.91,NA,0,0.0258708493681676,0.0144359912651759,NA,NA,0.00204936983346226,0,1.04889967560597e-05,1.98251812730346e-05,0,3.07759340864211e-06,0.00752834456158705,0.000505890207018585,1.43465532889856e-06,0.00246803153450305,NA,0.000442497888204213,0.0572872753526426,0.0227916131992769,6.00685961588045e-05,0,0.014146101801949,0.0120136629510112
158989.28,4655798.69,NA,0,0.058918366069435,0.0593493851030454,NA,NA,0.059951762506017,0.0460727432484531,8.28489629382273e-05,2.61795883475294e-05,0.00047134147578899,1.27175361100624e-05,0.0138620068462861,0.000890305736066113,0.00251906440426735,0.0061407796744808,NA,0.00375277463528685,0.00176843659244772,0.0409338864637976,0.0268370147379474,0.0531420335062204,0.0130823598541309,0.025013116066253
256269.96,450661.37,NA,0.06,0.00342836738759042,7.67929747823444e-05,NA,NA,0.000355424995696494,0.000488099589258984,0,1.21792235931619e-05,5.29218796761377e-06,5.80707102434552e-06,0.00293379408865905,0.000538178755313633,0.00117849436841765,0.00316505599752978,NA,1.98620025529681e-05,0.0012850538304898,0.00215737212479434,1.73403471013939e-05,6.49087171055356e-05,0.000933695238183565,0.0113031675663338
263775.87,242591.44,NA,0,0.00483292985778592,0.0180893019393459,NA,NA,0.0120591300131043,5.06764029105294e-07,3.81528577317261e-06,3.26364239405325e-05,0.000654202350949143,8.27848645103825e-05,0.000493089951274597,0.000352941198884539,0.00154672365050344,0.00357547739976157,NA,0.0222415634873612,0,0.00060499679012626,0.00123538727630906,0,0.000111839421372452,0
314447.78,1562.63,NA,0,0.06,0.06,NA,NA,0.00399733756292569,0,5.48380584070536e-06,1.10994649139968e-06,8.30193945913359e-06,0,0,2.0084124024514e-05,0,0.0001179979663863,NA,0.00129337600741882,0.06,0.0564653697306752,9.79407921025948e-05,0,8.22086446792148e-07,0
148229.03,5401325.32,NA,0.0569735887572233,0.0592777155053911,0.0566514132350609,NA,NA,0.006167393000391,0,1.76833646738289e-08,0.00025370873192906,0,8.74191805483752e-07,0.0131282274745123,0.00122760845825426,0.00460647089338736,0.00252310266455548,NA,0.0592599473044077,0.06,0.0485652100646605,0.044628079329335,0.0470267889145797,0.0102284031205242,0.0124362959909111
207189.05,1658342.46,NA,0.0516049298338465,0.0254131337177537,0.06,NA,NA,0.038447045507997,0.00339558007799441,1.37590426937491e-05,0.00182453790004215,9.07345982176413e-06,5.5900280438495e-05,0.0121692410753997,0.00752097154607624,0.00127663236711162,0.00261239237985501,NA,0.0592420936902808,0.00163404849457338,0.0594298114384823,0.00357367531354709,0,0.00902401066563869,0.0117439318808107
220821.68,1295312.39,NA,0.000629508147164976,0.06,0.014320494374546,NA,NA,0.000884029886114832,0.00326545020235634,0,5.04223652297967e-06,0,3.05824340070509e-06,0.00693080345290554,1.76980118071825e-09,6.38757390388201e-05,0.00486923797134024,NA,0,0.0587283940642346,0.00594866128470371,0,0.00252454261304889,0.0131876264683856,0.0151649648709244
114059.49,8326675.76,NA,0.0455989812251324,0,0.06,NA,NA,0.0416239605969781,0.00258299711759171,6.19957515330286e-05,0.00194590691922963,0.000139607489990869,0.000750974979148449,0.0135791542875489,8.47588117297883e-05,6.8049721224987e-05,0.00261808676138275,NA,0.0591837104608516,0.00170373053980512,0.043911493329616,0.0476317276938557,0.0518785203183772,0.0109369676818289,0.0117739956817827
157363.69,4671766.91,NA,0.000254078826725413,0,0.00479575631255795,NA,NA,0.0599954468232984,3.60176532383956e-05,8.31773360865888e-05,0.000888679828495107,0.000436225782664748,0,0.0142874129846056,0.000735587700410831,0.00189580120517106,0.00262143832995227,NA,0.000960661074234728,0.00120654354397471,0.00104365890173615,0.0265913593711157,0.044060836267206,0.00963481456415415,0.0253767553565614
153081.08,5090892.95,NA,0.0012736180153692,0,0,NA,NA,0.0599974572964019,0.00352804371021532,7.53060320214308e-06,0.000753938674734631,4.62072749860941e-05,2.15825105701351e-06,0.0149147080551046,0.0111084241753448,0.00170809557592428,0.000181454407723591,NA,0,0.00206262215525229,0.06,0.041834173942373,0,0.0276178598562371,0.0132235831201955
185099.16,2609520.48,NA,0.0583001120149021,0.000225002475216912,0.00301549907097577,NA,NA,0.0599470984609952,0.001383538845449,5.50343734301025e-05,3.70022340766409e-06,8.41732068707654e-05,5.81959932650218e-05,0.0131778702183756,0,0.00131475197309314,0.00260788992007811,NA,0.059715931213049,0.00946680112925433,0.0125791519745096,0,0.0542993419150899,0.0102057927703687,0.0154822818782475
114059.49,8326675.76,NA,0.0455989812251324,0.06,0.06,NA,NA,0.0416239605969781,0.00258299711759171,6.19957515330286e-05,0.00194590691922963,0.000139607489990869,0.000750974979148449,0.0135791542875489,8.47588117297883e-05,6.8049721224987e-05,0.00261808676138275,NA,0.0591837104608516,0.00170373053980512,0,0.0476317276938557,0.0518785203183772,0.0109369676818289,0.0117739956817827
219727.82,1316627.4,NA,0.000668986598106482,0.00450468574447866,0.000264332574543819,NA,NA,0,0.00320437217684917,3.51565389710782e-06,0.000752336648398647,2.26656882047773e-06,2.959617399547e-06,0.00728787443724321,2.64635914027662e-05,0.00153880625382356,0.00531365439710529,NA,1.84065335018333e-06,0.00139610715339231,0.0572826842780113,0.000192990282700223,0.00713726579210525,0.00917144202189706,0.0153412096301288
152736.19,5197205.58,NA,0.0541725200330449,0.06,0.0557234790899025,NA,NA,0,0,1.91265334607682e-08,0.000547803504478634,0.00236522081339275,8.92229150807088e-07,0.0144355969054338,0.00234738508925836,0.00460762144897367,0.00253559458889463,NA,0.0596240294345098,0.0567191733490895,0,0.0439362921393264,0.0411876463146445,0.0102033755319075,0.0124445425514707
314447.78,1562.63,NA,0,0.06,0.06,NA,NA,0.00399733756292569,0,5.48380584070536e-06,1.10994649139968e-06,8.30193945913359e-06,0,0,2.0084124024514e-05,0,0.0001179979663863,NA,0.00129337600741882,0.06,0,9.79407921025948e-05,0,8.22086446792148e-07,0
165856.13,3622274.72,NA,0.00434842821381416,0.0581888965333231,0.0134620207354896,NA,NA,0.00414840459927257,0.00344957259162323,1.59266838655333e-06,0,5.17329386612125e-05,3.90587102727022e-06,0.0140751568302371,0.000328396270146026,0.00164397336760811,0.00256219918140544,NA,0.06,0.00583562094084278,0.00775708873220589,0.0211585333517134,0.0434888559332406,0.0222458536807258,0.0153632281117922
175136.33,2777033.75,NA,0.00267843529813269,0.00426016472259604,0,NA,NA,0.00313202073159429,0.000244087330564229,3.53840612489106e-06,0.000876780797211487,6.53476605428271e-05,0,0.0131586964112809,0.00765731526245941,0,0.00304589193783713,NA,0.00120687809073735,5.89342031103658e-05,0.0597961812860909,0.00568248537426331,0.00718279572751998,0.00905225160394272,0.0126765709508656
189699.28,2290900.34,NA,0.00180646825534224,0.0554111859822895,0.0536223550248595,NA,NA,0.00702330426835741,0.06,6.15696936179066e-07,0.000600485603423215,2.8473090158671e-06,0,0.0130817168534257,0.000295485472040622,0.000948786417847835,0.00256501127850414,NA,0.00365236472909858,0.0063277383974829,0.0598484598963746,4.41794169256059e-05,0.0401378216860989,0.00975382568769675,0.0131485719476884
113406.21,8713979.05,NA,0.0599718050817848,0.0034093493253738,0,NA,NA,0.0595472312265541,0.0576347989575008,4.74132519620131e-06,2.31267085064314e-05,0.000469313431041189,0,0.0140174633325415,0.0091721290873965,0.0029302027756109,0.00256271368231094,NA,0.0436856311015401,0.00292714343281944,0.0499324732486378,0.0497533487775212,0.0447727870303927,0.00937415827119326,0.0126998925953592
171102.44,3032426.6,NA,0.00620771902575549,0.0561169606269754,0,NA,NA,0.00893154895723291,0.000596984352683583,3.91389274141962e-08,0.00059659724591695,4.73327032774067e-05,2.78509616855277e-05,0.0134272722232448,1.10749294216355e-05,0.000818018833994644,0.00256094619045315,NA,0.00755118082569453,0,0.0121025595309806,0.000704939020968291,0.0412448160547979,0.00991074850192078,0.0137189996695247
257738.72,411740.5,NA,0.00241823039410664,0.00185936657711508,0.0180579350582464,NA,NA,0.06,0.0540447471502979,3.59135255603063e-06,3.05079930639583e-05,0,5.64640187809046e-05,0.000518628502144788,0.0111092256541323,0.00153808678867951,0.00355802579861605,NA,0.0582839973855828,0.0588799972815548,0.000605742571565827,0.00166182486915271,0.00151778022439471,0.000347457371179015,0.0104046726965546
138466.72,6203019.34,NA,0.00102299483018325,0.0581579406345,0.00428930677889332,NA,NA,0.06,0.000363937894912045,8.33099911699315e-05,0.000886241331047526,0.000621681752307149,2.45807828920519e-07,0.0139984506249281,0.00103728448371955,0.00565619608920456,3.66881597782739e-05,NA,0.00954604365364248,0.00121278268827027,0.00164241230393838,0.0467489019480598,0.0440416621429586,0.00943617848860198,0.0128143891122326
232682.37,919799.99,NA,0.00201717980717642,0.0588356242964535,0.0473270248282373,NA,NA,0.06,0.0476015713743263,8.56015215878025e-07,9.47868008019585e-07,9.72580729730866e-05,7.53535522399774e-07,0.00108133028848918,3.46920958554304e-05,6.97331547970509e-05,0.00380011781744006,NA,0.06,0.000977218268742273,0.00510888026524096,0.00286346870025971,0,0.00737024086904105,0.0143326017300755
112866.66,9900951.13,NA,0.0578563186636181,0.000864902547136868,0.0331648053566467,NA,NA,0.06,0.0563183063148107,0,0.000227170832389003,0.00231872824726594,9.04325312563456e-05,0.0131952108353704,0.00123800374481995,0.00277952880990916,0.00277696380813312,NA,0.0589966740956467,0.0593660514348656,0.00204474827429088,0.0575401489039283,0.0452324567755103,0.0102509733281201,0.0124695133133175
128638.81,7724247.41,NA,0,0.06,0.06,NA,NA,0,0.0495069873195599,6.42031569901307e-06,1.60474725904351e-05,0,0,0.013129649715999,0.000688384130824851,0.000169272453422184,0.000101210872528094,NA,0.00148792985432979,0.00459217328601692,0.0459231541484768,0.0470299776417673,0.000287551010520061,0.0012754824416749,0.0105592170256853
113978.42,8327033.17,NA,0.0455989812251324,0,0.06,NA,NA,0.0416239605969781,0.00258299711759171,6.19957515330286e-05,0.00194590691922963,0.000139607489990869,0,0.0135791542875489,0,6.8049721224987e-05,0.00261808676138275,NA,0.0591837104608516,0.06,0.043911493329616,0.0476317276938557,0.0518785203183772,0.0109369676818289,0.0117739956817827
196424.3,2077779.42,NA,0.0581217315914021,0.0585843101888621,0.00079539011941861,NA,NA,0.049511467282038,0.0476451348123782,9.85804668090951e-07,1.65073724501056e-05,0,8.05587530393449e-07,0.0128228342270757,0.000689785658650142,0,0.0035443522649931,NA,0.00317772206391122,0.00103890565852664,0.06,0.00603583910718872,1.26837880595585e-05,0.00749874270663096,0.0140023267019055
207189.05,1658342.46,NA,0.0516049298338465,0,0.06,NA,NA,0.038447045507997,0.00339558007799441,1.37590426937491e-05,0.00182453790004215,9.07345982176413e-06,5.5900280438495e-05,0.0121692410753997,0.00752097154607624,0.00127663236711162,0.00261239237985501,NA,0.0592420936902808,0.00163404849457338,0.0594298114384823,0.00357367531354709,0,0.00902401066563869,0.0117439318808107
112701.62,10949476.99,NA,0.00864317812382915,0.00117931083417443,0.00603915689904419,NA,NA,0.00898685408500194,0.00286162912442975,0,0.000265895056840477,1.65572250706089e-05,0.000106995675789381,0.0027134990588079,0.000307341452079607,0.00214107820731781,0.00342723106935141,NA,0.0522369061454253,0.0558206681822742,0.0592779846783309,0.06,0.0455143600995477,0.00807537971701335,0.0209569639406152
117270.95,8126576.23,NA,0.06,0,0.06,NA,NA,0.0416239605969781,0.00258299711759171,6.19957515330286e-05,0.00194590691922963,0.000139607489990869,0,0.0135791542875489,0,6.8049721224987e-05,0.00261808676138275,NA,0.0591837104608516,0.06,0.043911493329616,0.0476317276938557,0,0.0109369676818289,0.0117739956817827
169652.35,3149550.39,NA,0.0019623117298731,0.000204639082224701,0,NA,NA,0.059925119184489,0.00135347864723488,6.84273665820529e-06,0.000830295737191132,0.000103745064134374,5.8054665900005e-05,0.0131768116743443,0.000446139458792047,0.00130466231205388,0.00261028400410737,NA,0.0578306945255664,0.00897361283215543,0.000932671089626532,0,0.0513720103994234,0.00968090150136743,0.0154318380634723
117764.69,7962654.18,NA,0.00116862454717321,0.053686871586987,3.46840100195357e-05,NA,NA,0.051684570430338,0.0599826004484731,8.30942114796832e-05,6.5448896830439e-07,0.000471750449844078,0,0.000836832693034392,0.000199842984736796,0.00297989735039146,0,NA,0.00488901567839655,0.000833199613851957,0.00149422679256449,0.0472022017963458,0.00115595777307932,0.00865176901777851,0.0110280705119675
153081.08,5090892.95,NA,0.0012736180153692,0,0,NA,NA,0.0599974572964019,0.06,7.53060320214308e-06,0.000753938674734631,4.62072749860941e-05,2.15825105701351e-06,0.0149147080551046,0.0111084241753448,0.00170809557592428,0.000181454407723591,NA,0,0.00206262215525229,0.06,0.041834173942373,0,0.0276178598562371,0.0132235831201955
112597.86,13688596.15,NA,0.00504265644641896,0.0233182870786598,0.017570395782388,NA,NA,0.0599851971922702,0.047601569558284,7.14575274752522e-07,0.000725433243298928,0.000842866627686458,8.51018927941982e-06,0.0124780755063324,0.000203831026131225,7.86762971131309e-05,0.00208888721656486,NA,0.00474686879326751,0,0.00508009493825755,0.0577675588921668,0.0341050838510416,0.00966790432177901,0.0587932363640406
165369.24,3781421.46,NA,0.00414481556723887,0.00426361216527226,0.00178998488082803,NA,NA,0.00315094783942425,0.00599151592857938,1.86695933127768e-07,4.69257959805466e-05,5.81241000101169e-05,5.72882920171235e-05,0.0140164643074959,1.48548050600509e-05,0.00188985858582076,0.00268479962725885,NA,0.0588674770896903,0.0567335743773941,0.06,0.00509937349986942,0.0516945558028293,0.0103309678476806,0.0219981453378019
311057.36,15362.21,NA,0,0.0589972972254276,0.0586236627221495,NA,NA,0.0122281064233177,4.35469275653343e-07,3.95430022520864e-06,2.54034098933749e-06,3.67375140889078e-05,6.47716554310462e-06,8.9775353172945e-06,0.000351346705460142,0.00144414807245519,0.000166461045715744,NA,0.000826635266489918,0.0563089119707822,1.25239491071701e-06,0.000188406275293346,0,6.66771503627629e-06,0.00100843872741711
233969.05,816584.52,NA,0.0581499784681756,0.00364577119777431,0.00162909467487496,NA,NA,0.0528280359754724,0.000262728983242959,5.90683312178172e-07,1.39844600814625e-07,0,0,0.00267029800157379,0.00723571259865452,0.00175800134381576,0.00347061891255634,NA,0,4.91728026133648e-05,0.00746734387027195,0,0.00251231714881006,0.00665146067237854,0.0127802862913434
136131.5,6315777.46,NA,0.0583134679665269,0,7.9237798567726e-06,NA,NA,0.0311845166034279,0,6.12961346916116e-06,2.4413459292638e-05,8.04952995511128e-06,0,0.0133106732066937,0.000181106204137156,0.00148728057326303,0.0024854477965002,NA,0.00107757515897485,0.0458202290429785,0.0592371454634651,0.0466701333752516,0.0477654322208567,0.00711182500590317,0.0134730542576001
125914.51,7772406.04,NA,0,0.00234650509697956,0.012217195364934,NA,NA,0.0289872502432167,0.0500866733270767,6.41357979544462e-06,0,6.29697088317166e-06,5.22225243140901e-07,7.45217083010325e-05,9.0876208421879e-05,0.00171483498153981,9.90856316208294e-05,NA,0.00012609610205835,0.00435460198350549,0.00127290873163854,0.0472266321800082,0.000113145355931687,0.000102033122697258,0.010553793679444
246745.35,599941.6,NA,4.8248922209369e-07,0.00458964118118378,0.0011801633076327,NA,NA,0.00577058147947521,0.0521111300952481,6.43238431300284e-05,2.11184888433354e-05,0,4.16827782114949e-05,0,0.000290649619766574,0.00219512255480698,7.35453683803876e-05,NA,0.00107029984176739,0.0542368455652549,0.0478707212676522,0.000101298143305967,0.00421630150599922,0.00187294137385612,0.0110436699250838
206315.8,1737564.12,NA,0.051221495481059,0.0262808241895539,0.000367433268426444,NA,NA,0.00218226754002042,0.0087747464246899,1.15809061544024e-05,0.000279660236125824,3.32842862660718e-05,0,0.0122943354139252,0.00747720088070762,0.00540455315277228,0.00274790290654413,NA,0.0544164425011395,0.000199233364929845,0.0592619144141509,0.000814322005187949,0.00294197996403333,0,0.0126353689395181
141910.85,5860300.11,NA,0.0452143042975457,0.06,0.0536334485015033,NA,NA,0.00751239707395157,0.0590025725420127,1.37345702596824e-06,0.000565685500629438,0.00014100573816447,3.66283227373146e-05,0.0135702570061636,0.000294141870075595,0.000984624829897245,0.00256048544138455,NA,0.0071119951637547,0.06,0.00447528649671593,0.045901369903856,0.038748293403086,0.0109212657325937,0.0131522917570977
112890.98,9485992.55,NA,0.0571483536226745,0.0593517333749994,0.00269878919664343,NA,NA,0.00273183009954012,0.0478494908732582,3.84626341919061e-06,1.615366860714e-05,9.08177076243768e-08,2.76962007308674e-06,0.0127482733192425,2.74322814156908e-05,4.64836702893235e-06,0.00305673218771833,NA,0.00301601443915842,0,0.0569291711856201,0.0534250860968445,0.0425770482599573,0.00775901407971735,0.015386459790794
132997.26,6611787.56,NA,0.059950113474076,0.0033424931846302,2.06210779461066e-08,NA,NA,0,0.06,4.917084885212e-06,2.32162502691651e-05,4.06080071258276e-06,8.21691509502178e-05,0.0132950974433662,0.0090592846362112,0.00302124639326834,0.0024864003224228,NA,0.000844839666144844,0.0473198358208629,0.0582564037627418,0.0469584145973546,0.0480844489744194,0.00956331482127457,0.0135066478429747
112597.86,13688596.15,NA,0.00504265644641896,0.0233182870786598,0.017570395782388,NA,NA,0.0599851971922702,0.047601569558284,7.14575274752522e-07,0.000725433243298928,0.000842866627686458,8.51018927941982e-06,0.0124780755063324,0.000203831026131225,7.86762971131309e-05,0.00208888721656486,NA,0,0,0.00508009493825755,0.0577675588921668,0.0341050838510416,0.00966790432177901,0.0587932363640406
114460.98,8176244.4,NA,0,0.0536398268178581,0,NA,NA,0.0519743642009605,0.0599835333433287,2.35171173910491e-06,1.3468423898523e-05,0.000143120662550769,3.96550467157698e-06,0.000491224732068442,0.00984292534968475,0.00291094980073187,2.32430700584864e-05,NA,0.0447992725423578,0.00100054633509167,0.0023044138905204,0.0471104508432648,0.0554013800772935,0.00862681078830157,0.0111312078123456
259747.49,362996.84,NA,0.0467168664562973,4.85203360153521e-05,0.06,NA,NA,0.054633799039715,0,5.50140469519724e-05,3.20880268928166e-05,2.5364179779406e-05,0,0,0.000636643112843368,0.00126707714553808,0.00470579612319072,NA,0.00528794553978192,0.06,0.00593248605424311,0,9.59848482333691e-05,0.0100477585008396,0.000144443635172989
185099.16,2609520.48,NA,0.06,0.000225002475216912,0.00301549907097577,NA,NA,0.0599470984609952,0.06,5.50343734301025e-05,3.70022340766409e-06,8.41732068707654e-05,5.81959932650218e-05,0.0131778702183756,0,0.00131475197309314,0.00260788992007811,NA,0.059715931213049,0.00946680112925433,0.0125791519745096,0,0.0542993419150899,0.0102057927703687,0.0154822818782475
165642.03,3671727.81,NA,0.0101020090933222,0.000329464615831685,0.000576131117627606,NA,NA,0.06,0.0059368963841635,6.41638818841837e-05,3.74467553077424e-05,0.000111212656442814,5.71506781986136e-05,0.0132218419386545,0.000749174803228855,0.00190542649167488,0.00261987649890955,NA,0.00495926631776829,0.00143885073109409,0.0538711434816301,0.00482502817812714,0.0489041697882044,0.0100570546076278,0.0224832517731943
171087.08,3039048.54,NA,0.00614294574914579,0.0540651864366969,0.00430849958248721,NA,NA,0.0542982629506482,0.000633433785956292,2.40788662282116e-06,0.00141175292826916,3.81102283048228e-05,7.17288034888054e-05,0.0134108741039231,5.43330334411155e-05,0.00300367779610522,0.00280346253829048,NA,0.06,0.00277085974871081,0.0153545067323103,0.00553191820791914,0.0409882729938132,0.00986420784269888,0.0136253926476202
189244.94,2332232.77,NA,0.00269818912862003,0.00661509370157925,0.00125214791451028,NA,NA,0.0070266243568537,0.0579221903181125,3.52873886061106e-06,0.000868915156401185,4.34445465484713e-07,0,0.0130822073936514,0.00791735697275581,0.000947814505720883,0.00306110295872792,NA,0.00108107615221808,0.00632371591003602,0.0598460216067376,0.00538158422169166,0.0442033734570108,0.00900390722093564,0.0131293479919138
136131.5,6315777.46,NA,0.0583134679665269,0.06,7.9237798567726e-06,NA,NA,0.0311845166034279,0,6.12961346916116e-06,2.4413459292638e-05,8.04952995511128e-06,0,0.0133106732066937,0.000181106204137156,0.00148728057326303,0.0024854477965002,NA,0.00107757515897485,0.0458202290429785,0.06,0.0466701333752516,0.0477654322208567,0.00711182500590317,0.0134730542576001
185099.16,2609520.48,NA,0.0583001120149021,0,0.00301549907097577,NA,NA,0.0599470984609952,0.001383538845449,5.50343734301025e-05,3.70022340766409e-06,8.41732068707654e-05,5.81959932650218e-05,0.0131778702183756,0,0.00131475197309314,0.00260788992007811,NA,0.059715931213049,0.00946680112925433,0.0125791519745096,0,0.0542993419150899,0.0102057927703687,0.0154822818782475
205055.76,1751068.36,NA,0.0514125337393196,0.0250152971361984,0,NA,NA,0.000166228738011264,0.0478914509103017,1.16067696337729e-05,0.000281551363190972,0,4.81634331217192e-07,0.0123451773449155,0,0.00129284430563586,0.00245140995639595,NA,0.06,0.000114321240223256,0.0592546635521946,0.00110015550940023,0,0.00897823435395953,0.0126315854269094
112701.62,10949476.99,NA,0.00864317812382915,0,0.00603915689904419,NA,NA,0.00898685408500194,0.00286162912442975,0,0.000265895056840477,1.65572250706089e-05,0.000106995675789381,0.0027134990588079,0.000307341452079607,0.00214107820731781,0.00342723106935141,NA,0.0522369061454253,0.0558206681822742,0.0592779846783309,0.06,0.0455143600995477,0.00807537971701335,0.0209569639406152
199489.6,1918966.74,NA,0.000904772802871416,0.00458282295895552,0.00442913069684851,NA,NA,0.00879270113865054,0.0048759614294085,3.56352169396316e-06,1.35496406797725e-05,6.55672202240447e-05,9.82044948164024e-05,0.0126165895525233,0.00086695305551506,0.0021238308702966,0.00343505515465994,NA,0,0.0590686170297288,0.0599839795583936,0.00722900327691275,0,0.00857206004744175,0.0127831427966157
314447.78,1562.63,NA,0,0.06,0.06,NA,NA,0.00399733756292569,0,5.48380584070536e-06,1.10994649139968e-06,8.30193945913359e-06,0,0,2.0084124024514e-05,0,0.0001179979663863,NA,0.06,0,0,9.79407921025948e-05,0,8.22086446792148e-07,0
148229.03,5401325.32,NA,0.0569735887572233,0,0.0566514132350609,NA,NA,0.006167393000391,0.06,1.76833646738289e-08,0.00025370873192906,0,8.74191805483752e-07,0.0131282274745123,0.00122760845825426,0.00460647089338736,0.00252310266455548,NA,0.0592599473044077,0.06,0.0485652100646605,0.044628079329335,0.0470267889145797,0.0102284031205242,0.0124362959909111
219716.41,1343757.34,NA,0.0483821665393119,0,0.000157285571285645,NA,NA,0.06,0.00235349130215703,3.52572643916964e-06,0,0,6.7575308011066e-05,0.00685602826563911,8.34266861802142e-08,0.00150822735790642,0.00548396088343297,NA,0.0514344167522503,0.00925111634282923,0.00285539449548376,0,0.00836090832766724,0.00911804146888693,0.0162305780558102
166522.83,3587624.17,NA,0.00158614638598877,0.00341967688832598,2.14485055423957e-06,NA,NA,0.059935031122476,0.0547946720663478,7.3937051587787e-07,2.28451665926189e-05,0.000468295238220756,6.81439722365474e-05,0.0140164323103612,0.00916476398053789,0.0018586575414685,0.00252049376672194,NA,0.0013524772878283,3.60738414838871e-05,0.0513133647907915,0.0271823100710069,0.0457117539533283,0.00936507244038474,0.0130925099788196
166731.43,3413274.45,NA,0.0563166981885627,0,0.00451977775122448,NA,NA,0.0582660294324301,0.00247280901120329,5.52520930701128e-05,4.12382632333581e-06,0.000565225716908596,5.72200465910082e-05,0.0137135124212012,0.00980583163002761,0.00190766921122864,0.00270248524352216,NA,0.0599379829329989,0.000566362057668681,0.00158736346721939,0.0214120631905219,0.00447482598857539,0.010186457295322,0.0162799448724922
226560.33,1123367.08,NA,0,0.0260002461800503,0.0151519643881166,NA,NA,0.00212613810021322,0.0587989216693674,1.08534683518482e-05,5.63557276912304e-06,2.58570755752953e-06,3.07619977721735e-06,0.00751555361790142,0.00928574691762974,2.82605502780872e-07,0.0026028174864725,NA,0.000765540309041341,0.0573430557382055,0.0227878110727007,0,0,0.0146503654601338,0.0120919131449728
112701.62,10949476.99,NA,0.00864317812382915,0.00117931083417443,0.00603915689904419,NA,NA,0.00898685408500194,0.00286162912442975,0,0,0,0.000106995675789381,0.0027134990588079,0.000307341452079607,0.00214107820731781,0.00342723106935141,NA,0.0522369061454253,0.0558206681822742,0.0592779846783309,0.06,0.0455143600995477,0.00807537971701335,0.0209569639406152
167665.11,3318456.32,NA,0.0446984294638744,0.0062940443802114,0.00169585162680754,NA,NA,0,0.0546482101043419,5.34075255825626e-07,0.000572980165694965,5.86955197297176e-05,2.61313307050516e-07,0.0131484347562569,4.74740889225157e-05,0.00192166860153858,0.00259492335906558,NA,0.0467093741819082,0.00117424819162888,0.0578933629488175,0.00523934971448119,0.0424792666651309,0.00865616066275496,0.0182336368456214
169188.43,3165646.08,NA,0.06,0.06,0.00112827327957984,NA,NA,0.00301758314796622,0.00320236946853257,1.54650884272952e-07,0.000851247635327762,6.77530648655146e-05,4.08940396807071e-06,0.0131911496824827,0.00729594342952741,0.00125648455876139,0.0030447393817004,NA,0.0038057667600673,0.000117445287429045,0.00407740509062737,0.00451179970283761,0.0413144286726325,0.0103413366278922,0.0158068592420326
113230.68,8851313.11,NA,0,0.00419239530520924,0.00547101171240908,NA,NA,0.0578091228478168,0.00161013031071384,1.17141249282756e-05,0,3.05959148707329e-05,9.10715768520013e-06,0.0126439089530825,0.000646492815610748,0.000170535061036726,0.00269976472641493,NA,0.00165951871088703,0.05185142427529,0.0584626926236211,0.0508676550036828,0.0451182483165658,0.0100362669257485,0.012125457731417
264686.84,203079.61,NA,0.0397204732824632,0.026477288618746,0.0142912732708383,NA,NA,0.0594046706282173,0.0586699217065114,8.74658495229687e-06,2.76094033234604e-05,1.39192611041307e-05,3.77414872023232e-06,0.000540941139352089,0.0093801917494979,0.00113540959486752,0.00259916798242708,NA,0.000854578731553448,0.0573495917146216,0.0220874032747335,0,0.000550583104003983,0.00252637861306435,0.000351278966585192
233691.44,856356.56,NA,0.00120712116959771,0.0586657870160876,0.0461584424361552,NA,NA,0.06,3.55194565028749e-05,6.98061091017618e-06,0.000183531372024872,0.000627040293289338,6.28548809291812e-05,0.00101053295936924,0.00699530869106094,0,0.00357984767341173,NA,0.0596845502681159,0,0.000628875188412632,0.00248356076342558,0.00495133160250413,0.00725186096574607,0.0133610230594442
252998.86,574474.43,NA,0.0596444220211234,0,0.06,NA,NA,0.00889909929332948,0.00674964242018345,5.8111729686769e-05,0.000253624547435631,1.6109631816697e-05,0.000103987269304859,0.00270620860789242,0.000276069580448281,0,0.0035366900822989,NA,0.0528425524216524,0.0560563282902806,0.0586510000201048,0.00499253037051206,0.000794588340350677,0.00804178167102977,0.0115794773114318
170586.37,3106055.65,NA,0.0551312790024867,1.61524178145852e-06,0.00458226999932775,NA,NA,0.058317976514257,0.0028837380318326,0.000140735796346348,9.95824434034159e-06,2.03002642768893e-05,3.49760558272664e-05,0.0137066509352078,0.0116087831271668,0.00261257986595175,0.00270778083371233,NA,0.0596002719759567,4.92273804625688e-05,0.000265999247963097,0.0196087633384963,0,0.010758836626154,0.0131605654706764
314448.6,539.09,NA,0,0.0599638684957884,0.0580686614933042,NA,NA,0.00397148200804783,0,2.0285990398238e-07,1.01817984747981e-06,1.83275216365704e-07,0,0,1.65761350458685e-05,0,0.000117500899081258,NA,0.05703160813407,0,0,1.3635539631773e-05,0,5.13079178791034e-08,0
112875.2,9877466.99,NA,0.0521327046248073,0.00033370059491562,0.06,NA,NA,0.0589601701366098,0.0590057467690338,5.56520545458622e-06,3.53712651385498e-05,0.000107378256262112,9.66537878885031e-05,0.0128105575767384,0.000779731221535387,0.00189957591424799,0.00262155814289455,NA,0.000217080329130932,0.00204810111089099,0,0.0568900352275771,0.0327731633618123,0.0101717006711819,0.0139648802459807
112960.17,9313142.64,NA,0.05723332887307,0.00175988044512685,0,NA,NA,0,0,1.95502530100194e-07,0,0,0,0.0126658659755694,0,9.52274511574621e-05,0.00356266092497108,NA,0.00309013687959028,0.0517344495160804,0,0.0536485530267163,0.0455939450188729,0.00997659516552014,0.0124902758550904
117444.46,8055467.54,NA,0.00400233487678366,0.00231316055963923,0.00264305484082263,NA,NA,0.00472018740871553,3.22871329393182e-05,6.05934297389721e-05,0.000788260084404847,0.000510153344341195,0,0.0137446768690683,0.000675647716080713,6.66926583482938e-06,0.000171610557796742,NA,0.0595166458886612,0.0599550004297609,0.0439048782453726,0.0476494960320634,0,0.0109816314866772,0.0109563112701557
216275.07,1412181.5,NA,5.22536716018104e-05,0.00453368921020936,0.00408247461851187,NA,NA,0.0578191055078747,0.000264465539385802,3.58909713765107e-06,4.41099112223155e-05,6.08994657506463e-05,9.57669165763812e-05,0.0108441483387102,0.000214669051787346,0.0019972632896886,0.00343913048124535,NA,0.06,0.000389376740694971,0.00209109809154095,0,0.00172219186040241,0.00733333825635857,0.0121803137520472
168701.08,3190006.94,NA,0.059956736887042,0.0583180505511579,6.05373923876396e-06,NA,NA,0.00299833876361942,0.0507449551185715,1.15796452937455e-05,0.000865083609947442,1.13022327835988e-05,1.09899719497621e-07,0.0132542199957415,0.0076320985093649,0.0012882754392057,0.00244861841730086,NA,0.0532941049975849,0.000117483399985901,0.0597145976958095,0.00435906892193799,0.0400998251362221,0.0102775665037151,0.0162053953811317
114183.03,8293170.76,NA,0.059924141162185,0.06,0,NA,NA,0.00724989801883152,0.0594854551701141,4.19317157259629e-06,1.10600916530498e-05,5.96463956496583e-06,8.48370267539259e-06,0.01269481564171,0.00903397332659953,0.00273628221177734,0.00291391337045692,NA,0.00174121861058256,0.0027799180373375,0.0596144837704622,0.0472069521916693,0.0428250825797185,0.00943524570940148,0.0128231649383351
113371.29,8752035.28,NA,0.06,0.0575048773663521,0,NA,NA,0.0599452516863974,0.06,7.88267104964027e-05,2.29290913513402e-05,0.000461929421783259,6.31084568410172e-05,0.0148583341921548,0.00774614247235739,0.000344725643514979,0,NA,0.044478159120111,0.06,0.06,0.0502601373257999,0.0443696785731001,0.00735911776186079,0.0124770870621515
262603.95,268952.38,NA,0,0.000169837280365903,0.0017106088270722,NA,NA,0.0580665930173088,0.0479589965726786,5.95765822665475e-05,3.35831445774332e-06,0,5.12498791327415e-06,0.00107798209986284,0.00131327802174386,0.00112894420673473,0.00379845463751279,NA,0.00373803669686477,0.00136059550104628,0.00530617803171809,0,0.000430535772126557,0,0.00171864055623005
130249.76,6722020.19,NA,0.0074181377827685,0.00346890693387299,8.59592285993292e-06,NA,NA,0.0540877872039017,0.000489324810581823,8.07809541190707e-06,0.000805650736942291,0.000469501068951086,0,0.0137505899432436,0.000559431559522464,0,0.000215350299278465,NA,0.0444948679348841,0.0589841238635272,0,0.0475875807771449,0.0428174504278059,0.00937143831515373,0.0110186647617676
112795.45,10320620.75,NA,0.00655577603750716,0.0581711385074722,0.0473738148291739,NA,NA,0.0589840113908903,0.0475421714474583,4.65479003610554e-07,1.43539067834389e-06,9.60871641755569e-05,8.46361875382752e-06,0.00731525845980777,0.0088152362752672,9.11326010063111e-05,0.00375692236065777,NA,0.06,0.00105743779992748,0.06,0.0595978732261087,0.0488775964703299,0.00733036075257394,0.0139576939667731
113638.82,8501475.92,NA,0.00690924666143469,0.0575826020864872,0.00841245388998633,NA,NA,0.0583871599502001,0.00256481020458161,1.31794401138588e-05,0.0016852094453972,0.000144559835038623,8.87971216344193e-06,0.013484286061437,0.000642528606180217,0.000232732818126206,0.00341611607074955,NA,0.000951905075110199,0.0516069841812049,0,0.0485727880245023,0.0450665584313874,0.0116920593546433,0.0121450543544184
160992.24,4145775.15,NA,1.59407074187767e-05,0.0017486754597654,0.06,NA,NA,0.0582022948096577,0.00248983802467426,8.16795851656306e-05,1.74440496811551e-05,0.000591209869961012,1.74534188381118e-05,0.0137143806722767,0.0112175906641689,0.00190223489364178,0.00270056923398466,NA,0.0599302937394966,0.000221586931181365,0.00133699603188232,0.0218066844339023,0.000438956641026753,0.00959203789534049,0.0246953877292185
236701.96,787163.17,NA,0.00200180405371719,0.0584186787610596,0.0473029952271185,NA,NA,0.0594441854759547,0.047209853073624,3.6718148496763e-06,0.000535814264668089,0.000101015156546733,7.24560088020668e-08,0.00109981771453599,0.000387810733394054,6.99339625647388e-06,0.00273183862570257,NA,0.0517391492301415,0,0.00824308098853384,0.00277248626593443,0,0.00739847381160526,0.0124777604902467
203826.37,1770165.32,NA,0.0514125337393196,0.0250152971361984,0,NA,NA,0.000166228738011264,0.06,1.16067696337729e-05,0.000281551363190972,9.11613209130004e-06,4.81634331217192e-07,0.0123451773449155,0.00765463897714839,0.00129284430563586,0.00245140995639595,NA,0.06,0.000114321240223256,0.0592546635521946,0.00110015550940023,0,0.00897823435395953,0.0126315854269094
222723.19,1239559.51,NA,0.000668986598106482,0.06,0.000264332574543819,NA,NA,0,0,3.51565389710782e-06,0.000752336648398647,0,2.959617399547e-06,0.00728787443724321,2.64635914027662e-05,0.00153880625382356,0.00531365439710529,NA,1.84065335018333e-06,0.00139610715339231,0.0572826842780113,0.000192990282700223,0.00713726579210525,0,0.0153412096301288
239913.35,671447.19,NA,0.000109774336337426,0.000183509241901561,0.0137750658264938,NA,NA,0.000949742891716083,0.000487372453450033,7.39977447763362e-07,0,0,9.76526602274088e-06,1.29797048547625e-06,0.00055486582562994,5.84577794984561e-06,0.00247522642203869,NA,0.00883632015322857,0.00292978210126684,0.000983946307765025,3.19123237872506e-08,0.00449096667635993,0.007624712462956,0.0114421808576123
213374.34,1485150.85,NA,5.83318675788686e-05,0,0.00411336113220291,NA,NA,0.0558127861341789,0.00463057158168659,3.59171078908258e-06,1.39069170025205e-05,6.15775280972033e-05,9.81193393714728e-05,0.0107124648105139,0.000861137918172075,0.00212743674067042,0.00343914743634186,NA,0.0594520255386857,0.0570822065122664,0.0102262560927963,0.00695585284333445,0.00169463294650651,0.00861768840917064,0.0127603787770539
146640.1,5559539.17,NA,0.00373866151874636,0.0464475563153496,0.000550536408097099,NA,NA,0.0593919009407756,0.00089929218911353,3.68063195262675e-07,0.000544985105932133,4.61357535232442e-05,0,0.0141261525204412,0.0111600533331446,0.000741320951257336,0.00269985183097091,NA,0.0546424421376982,0.0019324935960212,0.0468720554458528,0.0446795747790572,0.0407234032499301,0.00982819199024036,0.0138289467658293
138466.72,6203019.34,NA,0.00102299483018325,0.0581579406345,0,NA,NA,0.06,0.000363937894912045,8.33099911699315e-05,0.000886241331047526,0.000621681752307149,2.45807828920519e-07,0.0139984506249281,0,0.00565619608920456,3.66881597782739e-05,NA,0.00954604365364248,0.00121278268827027,0.00164241230393838,0.0467489019480598,0.0440416621429586,0.00943617848860198,0.0128143891122326
188160.03,2389630.59,NA,0.0459214993941346,0.0248279980418611,0.00324356164019823,NA,NA,0.00750921330932147,0,3.51245882105028e-06,0.000564352541984345,0,8.03606035888347e-07,0.0130735879173167,0.00791827873935243,0.00096039360630179,0.00235814494198353,NA,0.000111018441896722,2.8223806674367e-05,0.0599698719532983,0.00673148003758563,0.0443408673825271,0.00899307076891679,0.0143659510057086
191445.96,2159596.61,NA,0.00264504885184929,0.0480958417067227,1.76878697919677e-05,NA,NA,0.00264155999215048,0.000865667978265675,3.43770867524084e-06,0.000535076288613344,4.60808817106431e-05,0,0.0131031080587291,0.011183863559239,7.23121697549482e-06,0.00270336979638457,NA,0.0509008852857543,2.63995568267585e-05,0.06,0,0.00557625895519559,0.00996881737403868,0.0124826273625012
113882.14,8415378.14,NA,0,0.0273975219860807,0.0300503046855639,NA,NA,0.0118752764105031,0.0586236850344219,5.37475714619633e-07,0.000696638820276934,5.76212832265812e-05,8.63422856546026e-05,0.0123437750694188,0.00228166313713083,0.000198491137254108,7.69656271124888e-05,NA,0.0539969941630221,0.00664641113621924,0.06,0.048379769293805,0.0344077972877851,0.00967089646237953,0.0122269474858978
130249.76,6722020.19,NA,0.0074181377827685,0.06,0,NA,NA,0.0540877872039017,0,8.07809541190707e-06,0,0.000469501068951086,0,0.0137505899432436,0.000559431559522464,0,0.000215350299278465,NA,0.0444948679348841,0.0589841238635272,0,0.0475875807771449,0.0428174504278059,0.00937143831515373,0.0110186647617676
112701.62,10949476.99,NA,0.06,0.00117931083417443,0.00603915689904419,NA,NA,0,0.00286162912442975,0,0,1.65572250706089e-05,0.000106995675789381,0.0027134990588079,0.000307341452079607,0.00214107820731781,0.00342723106935141,NA,0.0522369061454253,0.0558206681822742,0,0.06,0.0455143600995477,0.00807537971701335,0.0209569639406152
173014.62,2905892.56,NA,7.59984971746799e-05,0,0.0459622683042297,NA,NA,0.0594134729308868,0.00148219915757685,1.61411327309404e-05,0.000215392599981557,1.61043407030903e-05,3.54236712412326e-05,0.0136493077977656,0.0116430631523458,8.34207822918108e-05,0.00222615996465112,NA,0.0500499908803765,2.32765574483271e-05,0.0588269597469837,0.00101789512627143,0.00469026653958573,0.00770956258813181,0.0133625451415444
260321.92,359281.4,NA,0.0573672646507765,0.00163234289879159,0.00174663202752783,NA,NA,0.0577843044036399,0.0476262848434462,0,3.88742224837666e-06,0,5.00249395691397e-06,0.00337389102512279,0.00133609442059446,0.001068009077614,0.00380533845977875,NA,0.00372369797749387,0.00104070952832233,0.0552751074930249,0.00580242767049827,0.000416915685708091,0,0.00262541696286156
166731.43,3413274.45,NA,0.0563166981885627,0,0.06,NA,NA,0.0582660294324301,0.00247280901120329,5.52520930701128e-05,4.12382632333581e-06,0.000565225716908596,5.72200465910082e-05,0.0137135124212012,0.00980583163002761,0.00190766921122864,0.00270248524352216,NA,0.0599379829329989,0.000566362057668681,0.00158736346721939,0.0214120631905219,0.00447482598857539,0.010186457295322,0.0162799448724922
210560.08,1591647.64,NA,0.00878141995714323,0.00294405941454553,0.0529867995703975,NA,NA,0.00583235600914284,0.0565867806370374,5.99470634268235e-07,0.00190470160575484,8.82283521564322e-06,1.57601056396993e-06,0.0121783126825126,0.000295888795477837,0.0013526596656193,0.00254356800316299,NA,0.0543149371919506,0.00676513680857046,0.0599500432407891,0.000198076704218988,0.000364402843596436,0.000301127724513887,0.0120375130852349
156953.86,4760444.9,NA,0.047425807609841,0.0281678666403389,0.0180499752358139,NA,NA,0.0592087546927802,0.0598126422948578,0.00011570241061144,4.04833511991185e-05,0,3.5453427393501e-05,0.014786413036484,0.0117621038039358,0.00278133251730361,0.0021576003907114,NA,0.0498286657940148,0.000300659544728593,0.0583458834252156,0.0414064537654305,0.000185839205323696,0.00751476136317994,0.0132470318661429
112890.98,9485992.55,NA,0.0571483536226745,0.0593517333749994,0.00269878919664343,NA,NA,0.00273183009954012,0.06,3.84626341919061e-06,1.615366860714e-05,9.08177076243768e-08,2.76962007308674e-06,0.0127482733192425,2.74322814156908e-05,4.64836702893235e-06,0.00305673218771833,NA,0.00301601443915842,0,0,0.0534250860968445,0.0425770482599573,0.00775901407971735,0.015386459790794
159657.54,4398201.93,NA,0.000249813436537056,0.00173116092145592,0.06,NA,NA,0.0582194430088966,0.000219592078722475,0,0.000848965060667557,0.00043503462317487,8.7232158983593e-07,0.0143020829883388,0.0117709526263135,0.00190175309923658,0.00269968368845476,NA,0.0582560619121565,0.000192913632554569,0.00136720822409493,0.0217752521496783,0.043465338106708,0.00963442027752137,0.0253649809586374
141121,5969073.99,NA,0.0564189531890621,0,0.0596235909868638,NA,NA,0.00672681040860459,0.0591521088879719,7.76442237888423e-07,1.60307574579629e-05,2.05154006482863e-05,1.75576936894771e-10,0.0131365154837453,0.0013043690824995,0.000285059966121831,0.00265449149263484,NA,0.0519900747715945,0.00137841058887438,0.0061613333494118,0.0452367206571952,0.0498507981156957,0.00968175972439238,0.0145960275723345
269980.75,145046.4,NA,0.0489076188861349,0.0581630340235464,7.91666483426312e-06,NA,NA,0.00121256905320015,0,3.24337846665534e-07,2.43522780079425e-05,7.24280072686243e-06,0,0.000174188997910762,0.000180216229897496,0.000109102907959185,0.00244083869115459,NA,0.00105411181773342,0.0425413581917265,0.00311052676600976,0.000959826753447367,0.000571328956372158,0.00012293064063409,7.0158104269526e-05
222815.66,1234874.52,NA,0.000668986598106482,0,0.000264332574543819,NA,NA,0,0,3.51565389710782e-06,0.000752336648398647,0,2.959617399547e-06,0.00728787443724321,2.64635914027662e-05,0.00153880625382356,0.00531365439710529,NA,1.84065335018333e-06,0.00139610715339231,0.0572826842780113,0.000192990282700223,0,0,0.0153412096301288
113033.6,9140065.39,NA,0.00186466882063959,0.00427491966950096,0.00820807324872526,NA,NA,0.0589794004324853,0.0571824133484847,5.55322259764911e-06,4.60032313696499e-06,2.76219696994762e-05,1.03724217492341e-05,0.0128279459770869,0.000777019839480289,0.00191946390542296,0.00269843183585189,NA,0,0.00300699593545654,0.0024791127331024,0.0520271014323976,0.033251347574245,0.0101662199109958,0.013973223935509
149078.72,5226212.04,NA,0.00200917629483555,0.000348394665977943,0.0546856559718878,NA,NA,0.059325008925358,0.0490115715261606,0.000120697124416589,0.000747399273654433,4.59672707502766e-05,2.97687037841805e-06,0.0132661523010428,0.0101229261957931,0.0045572477200799,0.00219816456301593,NA,0.050248662309815,0.054649179404151,0.00371400411827036,0.0438473651289988,0.00161221617386584,0.0110651591974258,0.0131549262512475
264369.47,226136.03,NA,0.00010792680285825,0.0261282900854394,0.013816083376013,NA,NA,0.00096953815539551,0.0518895209178622,5.2884911706679e-07,0,2.4155052284828e-06,9.89505952419501e-06,0.00059532127125025,0.00923453059980201,3.74712128019187e-07,0.00259899629848679,NA,0.000342964675644639,0,0.0223227830185034,5.53838633269784e-11,7.63989575539173e-05,0.0073912425191871,0
112543.13,14026217.18,NA,0.00504265644641896,0.0233182870786598,0.017570395782388,NA,NA,0.0599851971922702,0.047601569558284,7.14575274752522e-07,0.000725433243298928,0.000842866627686458,8.51018927941982e-06,0.0124780755063324,0.000203831026131225,7.86762971131309e-05,0.00208888721656486,NA,0.00474686879326751,0.06,0.00508009493825755,0.06,0.0341050838510416,0.00966790432177901,0.0587932363640406
135010.96,6493064.5,NA,0,0.06,0.0298010413770308,NA,NA,0.00873830614083394,0.0598284957871894,5.52876398979936e-07,8.9127741873188e-06,0,8.36604698868131e-05,0.0148325649330877,0.00101256073881583,0,0,NA,0.0568558207496217,0.00719105930668643,0.0581929769995301,0.0480372411700735,0.0430796807256697,0.0074669852132034,0.0124743294979989
143061.94,5725350.17,NA,0.0553274374395668,0.000502013383667652,0.0192141192163812,NA,NA,0.00762175986629494,0.0593220415053212,7.59925528512942e-07,6.94815184661115e-05,0.000693971161670285,1.56495080025798e-07,0.0131513089247609,0.0116960348042627,7.48259778967442e-07,0.0024878749768911,NA,0.00626323425216935,0.057545744895583,0,0.0455212534313687,0.0352138237615454,0.0108922310972845,0.0128373167599685
112597.86,13688596.15,NA,0.00504265644641896,0.0233182870786598,0.017570395782388,NA,NA,0.0599851971922702,0.06,7.14575274752522e-07,0.000725433243298928,0.000842866627686458,8.51018927941982e-06,0.0124780755063324,0.000203831026131225,7.86762971131309e-05,0.00208888721656486,NA,0.00474686879326751,0,0.00508009493825755,0.0577675588921668,0.0341050838510416,0.00966790432177901,0.0587932363640406
135801.09,6352904.5,NA,0.056982635356173,0.00492962854194279,0.00240155794412478,NA,NA,0.0299724110334216,0.000460225959927226,6.13762440357241e-06,2.45133801964965e-05,7.8058206585784e-05,6.01825621633204e-10,0.0131312986419051,7.2269355798796e-05,2.8269014613076e-05,0.00249052241457224,NA,0.0010964461703406,0.0479729416425362,0.06,0.0466936920325396,0.0592759832964184,0.0111627059581096,0.0124844238410121
229456.67,996471.9,NA,0,0.00691385898593166,0.000281988898686674,NA,NA,0.0599921564537757,0.00230512765903119,3.29766232072951e-07,0,2.22480549818893e-06,6.76180030628236e-05,0.0066935465416888,0.000533671767742617,0.00286989804388554,0.00311717472848288,NA,0.0493130314161136,0.00574678146264204,0.0558384830232638,0,0.00704304689721112,0.0103766520423302,0.0120478201036688
206509.24,1700205.93,NA,0.06,0.00776643102630743,0.0487480955503418,NA,NA,0.000512527107481535,0.056279679242188,5.64659029577145e-07,0.0018940935611905,8.79422024585547e-06,1.56318650956897e-06,0.0122420645448564,0.000440807426401876,0.0013626026390416,0.00254499022498746,NA,0.00171468709231121,0.0592382080272171,0.0569976184830189,0.00305718884036547,0.000389263705849664,0.0106180282482488,0.0119507246616544
314448.66,528.12,NA,0,0.0599638684957884,0.0580686614933042,NA,NA,0.00397148200804783,0,2.0285990398238e-07,1.01817984747981e-06,1.83275216365704e-07,0,0,1.65761350458685e-05,0,0.000117500899081258,NA,0.05703160813407,0,0,0,0,5.13079178791034e-08,0
211073.95,1569678.75,NA,0.00569149320038752,0.0250945457827716,0.0427951977238311,NA,NA,0.00384648036788717,0.0475139543128594,1.10018462885971e-05,0.000543307321489964,9.8683600455321e-05,4.77743236425009e-07,0.0113476007482317,0.00800817838177569,0.00129662079634042,0.0027219689129754,NA,0.0594465737099144,3.64128244081036e-06,0.011684672994499,0.00112985494997686,0,0.00901001104081918,0.0126377482339999
146640.1,5559539.17,NA,0.00373866151874636,0.0464475563153496,0.000550536408097099,NA,NA,0.0593919009407756,0.00089929218911353,3.68063195262675e-07,0,4.61357535232442e-05,0,0.0141261525204412,0.0111600533331446,0.000741320951257336,0.00269985183097091,NA,0.0546424421376982,0.0019324935960212,0.0468720554458528,0.0446795747790572,0.0407234032499301,0.00982819199024036,0.0138289467658293
112797.46,9908103.61,NA,0.0392172106582965,0.0545963695222899,0.059734350961185,NA,NA,0.0520809877506723,0.00334541310235822,1.06805970502841e-05,0.00115977651354279,0.000537713872249258,5.52385754100167e-06,0.000848344373382588,0.00794392930876723,0.00284306332608447,0.00277180866487434,NA,0.0529115325919559,0.000263187118434034,0.0558053851389544,0.0571978287845056,0.0305327494269418,0.00903192755732915,0.0139834018712688
138664.66,6146817.79,NA,0.0569800508648203,9.26191043957229e-05,0.0565201465788285,NA,NA,0.0315239949524808,0.0547897854738145,7.13660952820619e-07,2.38127626184965e-05,0.000148734308963,4.4263188231469e-10,0.0131313466227468,0.000135474192521087,3.12356094387579e-05,0.00252701738778347,NA,0.00101852646237827,0.0065591423383565,0.0522989212502604,0.0467200858443344,0,0.0110161423200822,0.0124813707471688
141047.95,6050721.76,NA,0.0572887145149646,0.0281628612333419,0,NA,NA,0.00730489327829769,0.06,1.6493565095621e-07,8.88895482889154e-06,0,5.54113987410772e-06,0.0146602149228906,0.00761459849247648,0,0.00241041953670234,NA,0.00344082091970273,0,0.0599371358923907,0.0474254376845692,0.0428243564786376,0.0074648920522468,0.0124903707509609
117444.46,8055467.54,NA,0.00400233487678366,0.00231316055963923,0.00264305484082263,NA,NA,0.00472018740871553,3.22871329393182e-05,6.05934297389721e-05,0.000788260084404847,0.000510153344341195,0,0.0137446768690683,0.000675647716080713,6.66926583482938e-06,0.000171610557796742,NA,0.06,0.0599550004297609,0.0439048782453726,0.0476494960320634,0,0.0109816314866772,0.0109563112701557
132304.21,6627749.24,NA,0.0593884561429865,0.000260252407760603,0.0516684477587989,NA,NA,0.0545912128689977,0.0590447858993011,4.92152523794634e-06,2.32668698603598e-05,5.36428386523042e-06,9.72736019466471e-05,0.0133299589891705,0.00897574033173047,0.0018777861861884,0.00249299946939686,NA,0.000213798920948925,0.00514066210953982,0.00251526835820163,0.0470636216958237,0.0321144024766458,0.010190432762943,0.0135104643984569
112543.13,14026217.18,NA,0.06,0.0233182870786598,0.017570395782388,NA,NA,0.0599851971922702,0.047601569558284,7.14575274752522e-07,0,0.000842866627686458,8.51018927941982e-06,0.0124780755063324,0.000203831026131225,7.86762971131309e-05,0.00208888721656486,NA,0.00474686879326751,0.06,0.00508009493825755,0.06,0.0341050838510416,0.00966790432177901,0.0587932363640406
112797.46,9908103.61,NA,0.06,0.0545963695222899,0.059734350961185,NA,NA,0.0520809877506723,0.00334541310235822,1.06805970502841e-05,0.00115977651354279,0.000537713872249258,5.52385754100167e-06,0.000848344373382588,0.00794392930876723,0.00284306332608447,0.00277180866487434,NA,0.0529115325919559,0.000263187118434034,0.0558053851389544,0.0571978287845056,0.0305327494269418,0.00903192755732915,0.0139834018712688
160274.68,4388177,NA,2.02060976071335e-05,1.75145383094793e-05,0.00445692982139211,NA,NA,0.0599782986240595,0.00230626359919018,8.30811892737765e-05,5.71588175087054e-05,0.00059240102945089,1.65810972482759e-05,0.0136997106685435,0,0.00189628299957626,0.00262232387548216,NA,0.00263489290157486,0.00123521684260151,0.00101344670952354,0.0266227916553397,0.0010344548015247,0.00959243218197327,0.0247071621271425
113161.49,8967646.48,NA,0.00630632259306777,0.00486483296222174,0.00920005935615653,NA,NA,0.06,0.00950332207136217,4.5263018445592e-06,3.88686321317311e-06,5.05241936849094e-05,0,0.00816366529745015,0.000898039273006669,0.00160196869144356,0.00272618484148271,NA,4.19534971162315e-06,0.00445559551762001,0.0595052709587069,0.0503460402521101,0.0459357035902943,0.010165580964146,0.0144360886345002
201061.58,1853647.78,NA,0.0599579507008428,0.0598611180169907,1.34998249651262e-07,NA,NA,0.00702792456117246,0.0588913953383348,1.10743509755753e-05,0.000782752109589738,5.22440025110862e-06,8.39166717450738e-06,0.012698175504862,0,0.00133497681990405,0.00244946338716706,NA,0.00155739284525087,0.00275246411536776,0,0.00369374098180569,0,0.00940001184305442,0.0123409506914314
165642.03,3671727.81,NA,0.0101020090933222,0.000329464615831685,0.06,NA,NA,0.06,0.0059368963841635,6.41638818841837e-05,3.74467553077424e-05,0.000111212656442814,5.71506781986136e-05,0.0132218419386545,0.000749174803228855,0.00190542649167488,0.00261987649890955,NA,0.00495926631776829,0.00143885073109409,0,0.00482502817812714,0.0489041697882044,0.0100570546076278,0.0224832517731943
146813.89,5490621.15,NA,0.00368785748864077,0.0484275017223093,0.000628092174688451,NA,NA,0.0593223817651446,0.0508254293387112,1.66986019176731e-06,0.000725027290647829,9.11755156620448e-07,3.4375475105645e-05,0.0141362025386052,0.0112519772419035,0.00255721426561402,0.0022104398062979,NA,0.0496659942443811,0.06,0.0461497706732227,0.0448321279819499,0.00190760571938573,0.00933534228242456,0.0138343410728941
173456.81,2794509.15,NA,0.0574802944239964,0.052568391577644,0.0504119033499624,NA,NA,0.00308232831068946,0.0518445531920686,1.92556678281969e-06,0,0,8.52854202345822e-07,0.0132582323900514,0.00795852913844141,0.0012848189191083,0.00260491351992744,NA,0.0527723401908451,0.0483720167073709,0.0585635013652667,0.000597616260537252,0,0.0102849549443605,0.0124007737307537
112586.05,13795159.78,NA,0.00377996026585541,0.0472760921576647,0.000260559321180152,NA,NA,0.0599903476582504,0.00770731444742136,9.60031290491622e-07,1.58740039031557e-06,2.58722630343431e-05,8.41106589170852e-06,0.012545627314434,0.0116694344627753,0.000730822061329823,0.00209174059749643,NA,0.0546405573656825,0.00274959512458605,0.00565829884353472,0.0596222082933117,0.0403108898340899,0.00985017475426576,0.0563629076885344
117785.91,7938868.04,NA,5.12713553589103e-07,0.0530867676400666,0.00499948085185403,NA,NA,0.00411467581985252,0.0471960108046313,8.79713112577743e-05,1.61950080142987e-05,8.66125536073118e-05,5.74651071198267e-07,0.0131594902965198,6.65027250998661e-05,0.000204602219337605,0.000110838204658417,NA,0.00263748460660853,0.00124168571394578,0.0468692214842465,0.0473977041705503,0.000999900620655171,0.0094613949071552,0.0102391763338065
166731.43,3413274.45,NA,0.0563166981885627,0,0,NA,NA,0.0582660294324301,0.00247280901120329,5.52520930701128e-05,4.12382632333581e-06,0.000565225716908596,5.72200465910082e-05,0.0137135124212012,0.00980583163002761,0.00190766921122864,0.00270248524352216,NA,0.0599379829329989,0.000566362057668681,0.00158736346721939,0.0214120631905219,0.00447482598857539,0.010186457295322,0.0162799448724922
113075.85,9033179.27,NA,0.00353632061345925,2.38623838894753e-05,0.0561690185287171,NA,NA,0.0570989206303667,0.0598468268257921,5.59273787639519e-07,0.000240601954249393,6.07033034762289e-07,2.54582463970096e-06,0.0128390830460074,0.00121948037171403,0.00172948775008129,0.00270699456025419,NA,0.0573482649662968,0.0586879736022367,0.000836838118605306,0.0521572214429638,0.032893530190049,0.0101620698628115,0.0124365316857492
144110.12,5640147.71,NA,0.0553274374395668,0.000502013383667652,0.0192141192163812,NA,NA,0.00762175986629494,0.0593220415053212,7.59925528512942e-07,6.94815184661115e-05,0.000693971161670285,1.56495080025798e-07,0.0131513089247609,0.0116960348042627,7.48259778967442e-07,0.0024878749768911,NA,0.00626323425216935,0.057545744895583,0,0.0455212534313687,0.018956134413288,0.0108922310972845,0.0128373167599685
113406.21,8713979.05,NA,0.0599718050817848,0.06,0,NA,NA,0.0595472312265541,0,4.74132519620131e-06,2.31267085064314e-05,0.000469313431041189,0,0.0140174633325415,0.0091721290873965,0.0029302027756109,0.00256271368231094,NA,0.0436856311015401,0.00292714343281944,0.0499324732486378,0.0497533487775212,0.0447727870303927,0.00937415827119326,0.0126998925953592
190369.46,2211305.33,NA,0,0.000337253508674005,0.00491434951610243,NA,NA,0.00621812757276542,0.0463166859865157,0.00012014043288384,0.000704044711773271,4.1290378265897e-05,2.94526405710064e-06,0.0132281471733372,0.00983430210225914,0.000144412011125575,0.00217593397067038,NA,0.00664279372660811,0.0524595028788968,0.000454944636833299,0.00292596550406509,0.000177713945369471,0.0108510100243332,0.012963422096557
233691.44,856356.56,NA,0,0.0586657870160876,0.0461584424361552,NA,NA,0.06,3.55194565028749e-05,6.98061091017618e-06,0.000183531372024872,0.000627040293289338,6.28548809291812e-05,0.00101053295936924,0.00699530869106094,0,0.00357984767341173,NA,0.0596845502681159,0,0.000628875188412632,0.00248356076342558,0.00495133160250413,0.00725186096574607,0.0133610230594442
140843.49,6114028.06,NA,0.0596940867632942,0.0289797865141724,0.000150671489640165,NA,NA,0.0560536863195988,0.0598366050064163,0.000104571670915428,2.20031122880775e-05,3.95139464591072e-06,7.87436328088229e-05,0.0147857606188109,0.0115408899635362,0.00301981446889037,0.00215930699333823,NA,0.00143186400144118,0.00617726660850598,0.0582540675517304,0.0471309455008856,0.0468084151197958,0.00948381002882533,0.013234427174849
112735.42,10662552.64,NA,0.0596491111738815,0.0015152641680573,0.00233432723197,NA,NA,0.00342402391094811,0.0487120281595593,1.15025514498652e-05,1.22301099406883e-08,0.000827715997837846,6.55774752807578e-06,0.0116020435715933,0.000298989659175742,0,0.00221842586541922,NA,0.00466546960434121,0.0596288842189214,0.00461691506347067,0.0569661757238586,0.034589871449227,0.0217374985029854,0.0220022625099383
159099.68,4496253.17,NA,0.0572046364770438,0.000361355747817278,3.30764441938447e-05,NA,NA,0.0585019289256702,0.00449397059494783,8.538615796656e-05,2.19675581853253e-05,0,5.70217482912535e-05,0.0137131632571961,0.000317468173977369,0.00192031888115802,0.00344549244250316,NA,0.0586405535688776,0.000191132514293242,0.00122751018971981,0.0213035368475981,0.0412598057720406,0.0101582260444118,0.0275947953611307
113033.6,9140065.39,NA,0.00186466882063959,0.00427491966950096,0.00820807324872526,NA,NA,0.0589794004324853,0.0571824133484847,5.55322259764911e-06,4.60032313696499e-06,2.76219696994762e-05,1.03724217492341e-05,0.0128279459770869,0.000777019839480289,0.00191946390542296,0.00269843183585189,NA,0,0.06,0.0024791127331024,0.0520271014323976,0.033251347574245,0.0101662199109958,0.013973223935509
261502.93,284594.49,NA,0.0424465078012579,0.0578265110508134,0.0593423480096737,NA,NA,3.1442241213912e-06,0.00184233024367151,3.64084368597303e-06,4.60343009387364e-05,1.12495284238412e-05,3.02729278867866e-06,0.000158302490808652,0.00957578164716827,6.66493652698168e-05,0.00334251922526282,NA,0.00249105939675602,0.00433221352364341,0.0224617055957754,0,0.00200727957773694,0.00870119010232513,0.00078135589586902
170289.9,3119411.25,NA,0.056370087028136,0.06,0.00157816341546943,NA,NA,0.0479208579631927,0.00257930646487587,5.78563477985944e-05,3.229943117183e-06,0.000561460847213636,9.78343072521241e-05,0.013689190332059,0.00957625837003775,0.00215768664120645,0.00267159140186394,NA,0.06,0.00055768878420434,0.0113733313868897,0.00626474019998871,0.00399889870416046,0.00731818540451395,0.0161013733190016
199722.23,1916245.44,NA,0.00487919606860205,0.000160680835643578,0.00755035475711857,NA,NA,0.0573954017416726,0.00250495361873147,5.12129707029416e-06,0.000859877482783246,7.88356182773762e-05,1.61606063111755e-05,0.0124614458954779,0.00702691115768657,0.00188315814839526,0.00267942128670232,NA,0.000867259894874732,0.00129777363251989,0.0523164039187859,0.003253939091711,0.034241189418791,0.00775919659186858,0.0123911096409272
113735.3,8429397.84,NA,0.00837855370681486,0,0.000155477345387319,NA,NA,0.006521719424303,0.0520768698093261,1.11697503154071e-05,0.000816413645612787,4.14838173086551e-06,8.80554155558761e-06,0.0135104800170409,0.000628928656444332,0.00130938238626926,0.00341291330344673,NA,0.00159912526890338,0.00334955154879632,0,0.04822958916426,0.0428171017412088,0.00926526796211786,0.0123468634372156
163498.01,3835747.61,NA,0.0561049109916604,0.000219901509343326,0.06,NA,NA,0.0599483084293548,0,4.9234268238485e-05,4.03531214455362e-06,6.12614710703518e-05,6.75330317755964e-05,0.0140199826263892,0.00895537628788324,0.0013989147520053,0.0025200734339917,NA,0.0572442888266314,0.06,0.0497585816709655,0.0269329997157057,0.0537497563160936,0.0101612410282107,0.0155460090117553
307557.12,77077.16,NA,0,0.0511849080888591,0.06,NA,NA,0.0581903040890318,0.0598472471818035,5.65287944042515e-05,0,0.000137925564683098,5.17563550977114e-06,0.000398538824916016,0.010114440973871,0.00294255739558417,0.000123380864944261,NA,0.00543301028006971,0.00134267656299358,0.00231234290121919,0,0.000243520284119933,0.0002530451764984,0.00147583407239847
138664.66,6146817.79,NA,0.0569800508648203,9.26191043957229e-05,0.0565201465788285,NA,NA,0.0315239949524808,0.0547897854738145,7.13660952820619e-07,2.38127626184965e-05,0.000148734308963,4.4263188231469e-10,0.0131313466227468,0.000135474192521087,3.12356094387579e-05,0.00252701738778347,NA,0.00101852646237827,0.06,0.0522989212502604,0.0467200858443344,0,0.0110161423200822,0.0124813707471688
171881.17,2915705.12,NA,0.0018509854757532,0.0551768160700971,0.00499706689385386,NA,NA,0.00679432168174964,0.0525395407047526,6.18702647031641e-07,0.000599940133206402,5.57050064048235e-06,9.66536086492406e-05,0.0131325240755871,0.000292556107399315,0.000929240784874342,0.00258691132554788,NA,0.00340140380682544,0.0568642029799522,0.0553630193042985,0.00599201472616326,0.0404127983746068,0.00861725079117702,0.0127804096589443
113253.81,8846324.85,NA,0.0594309377749699,0.0586165166727112,1.21591964507385e-05,NA,NA,0.0593823276307684,1.32646529270107e-05,3.83225568709025e-07,2.21708261139625e-05,4.28361264446202e-05,0,0.0140172104885583,0.0111707059107729,0,0.00271382325276636,NA,0.0537925724694435,0.0029274967574584,0.0467640344009173,0.049998895222632,0.0446681289626607,0.00938927480296454,0.0138039801398513
113406.21,8713979.05,NA,0.0599718050817848,0.0034093493253738,0,NA,NA,0.0595472312265541,0.0576347989575008,4.74132519620131e-06,2.31267085064314e-05,0.000469313431041189,0,0.0140174633325415,0.0091721290873965,0.0029302027756109,0.00256271368231094,NA,0.0436856311015401,0.00292714343281944,0.00622839146052039,0.0497533487775212,0.0447727870303927,0.00937415827119326,0.0126998925953592
166782.58,3411650.2,NA,0.0563166981885627,0,0,NA,NA,0.0582660294324301,0.00247280901120329,0,4.12382632333581e-06,0.000565225716908596,5.72200465910082e-05,0.0137135124212012,0.00980583163002761,0.00190766921122864,0.00270248524352216,NA,0,0.000566362057668681,0.00158736346721939,0.0214120631905219,0,0.010186457295322,0.0162799448724922
112663.9,11466376.19,NA,0,0.0579396870973376,0.0290116892334855,NA,NA,0.0123751716420194,0.0583236243208966,6.78612385990063e-07,9.48393048329602e-07,2.81910785018892e-07,0.000108930483671427,0,0.0109649863877658,2.3987059041441e-05,0.00258434434353203,NA,0.06,0.00826360280490098,0.0479393917982556,0.06,0.0409156233669183,0.0102047684263452,0.0272162959899448
193230.07,2133455.83,NA,0.00198938083727634,0.00604481837020578,0.00780318819323898,NA,NA,0.0599896641417936,0,7.56483117991115e-06,0.000726949095282546,2.64740811037674e-05,1.60232328648305e-05,0.0128943166324038,0.0101575883001614,0.00171585043118409,0.00271991379101367,NA,0.00155670468839848,0.00143811080923243,0.0486121592072288,0.00323908936203612,0.0326696298138118,0.00731536233163176,0.0132172104286235
112763.55,10637005.63,NA,0.0593842348385794,0.00520787773605676,0.00915711631516375,NA,NA,0,0.0108190496675622,4.4955884854104e-06,1.74950953100017e-07,1.50817898670971e-05,3.07593087396714e-07,0.00809696857476546,0.000894813561912436,0,0.00224222715877325,NA,0.00464909931064901,0.0594553546888583,0.00529881831271813,0.056851340404753,0.0472011108134545,0.00952673753261081,0.0227073886410276
112763.66,10332129.72,NA,8.81050806007064e-05,0.00354694626785663,0.00783900933085143,NA,NA,0.0596463023328964,0.000164790946208301,0,4.94820937176244e-05,2.623052180573e-05,0.000113925337665407,0.000716291028028809,3.63978034517536e-05,3.97483730103115e-05,0.0036234574276994,NA,0.000840891080729418,0.00342676592328839,0.0240424212476643,0.06,0.0319509310851976,0.00744112118243349,0.0141223998590756
112734.38,10685183.3,NA,0.0568955630038513,0.0593115120339295,0.0192776427314257,NA,NA,0.0558390822269558,0.00529003141160738,4.02197699517117e-06,1.9333449734876e-05,6.26287997581582e-09,4.34463849949403e-06,0.0131617873525254,3.1751226547649e-05,0.000131025180057537,0.0029332018286198,NA,0.00291965768739291,0.000463794999018416,0.056920054515401,0.0596039466283846,0.0415488434766802,0.0113710036803424,0.0182742591760408
196713.86,1962668.31,NA,0.0453867899091387,0.00318884779714898,0.0541077799302773,NA,NA,0.002185588951674,0,1.14909693878954e-05,0.000279106899007244,0,2.43425435097652e-06,0.0128551198838704,0.00761151303265535,0.00173723818984404,0.00271207733050182,NA,0.0599920825314761,0.00368871132044982,0.00214103595897595,0.000742500355387355,0.00128493209850453,0.00887501564689664,0.0124359132315301
113520.75,8630726.74,NA,0.0537824647783707,0.0589973056781731,0.000634662330965832,NA,NA,0.00384574753015549,0.0447301343506745,1.0330987693865e-05,0.000535663944337654,0.000100700374193135,0,0.0138842686575361,0.00804818465677104,0,0.00272240917758738,NA,0.0538652584060968,0.00287694739966812,0.0094404228156905,0.048734606793234,0.0425220559801026,0.00936993579089676,0.0138015345810349
209395.37,1612899.6,NA,0.0113399661969868,0.06,0.042172694589316,NA,NA,0.0593830604685001,0.00279708461511185,1.05408416344114e-06,2.98142032662724e-05,4.08193527068062e-05,0,0.0114805425792539,0.0111306996357775,0.00124220043960287,0.00271338298815438,NA,0.0593738877732611,5.41906402310927e-05,0,0.0023941433793749,0.00214607298255814,0.00902935005288696,0.0126401937928163
136147.2,6243824.14,NA,0.0553455095585606,0.0576746662732787,0.000173734853415692,NA,NA,0.00984799198429909,0.0586489494066842,6.12527173473295e-06,6.67028682231964e-05,8.24728087428302e-05,1.42345232834334e-07,0.013154323210435,0.0111188474396978,6.07039586090663e-05,0.00248545214241239,NA,0.000856339698187021,0.0582121418417615,0.00141289183185623,0.0466907641044235,0.0188346556342668,0.0105698043960291,0.0128667481177948
123030.88,7847400.47,NA,0.00733202014641323,0.000288094836029174,0.0260943195591838,NA,NA,0.0409470092811815,0.0506601993515689,0,0.000727633487159706,0.00012266614065667,3.49565546975261e-05,0.000592061463639004,0.000108347613412913,0.00266944841859403,0.0025285233676028,NA,0.0152971902172786,0.00142064815891911,0.00388575516265131,0.0470584176299359,0.00201854485512979,0.000874878466045982,0.0116996652815301
142141.09,5822066.7,NA,0.0582953958475331,0.00282734711038892,0.0190483081428222,NA,NA,0.0289582844854237,0.000673092098637019,7.64267262941149e-07,2.71921095355531e-05,0.000619547882882566,1.41498471914637e-08,0.0133076589210196,0.000758293568702011,0.00142732487443293,0.00248787063097891,NA,0.00648446971295718,0.0451538320968,0.0585871081681438,0.0455006227021968,0.0478869109998779,0.00743425170715853,0.0134436228997738
117856.07,7923416.12,NA,5.30843321617014e-05,0.0505163295798182,0.00467043024569204,NA,NA,0.00652474314462943,0.0470101966878581,0.000125444808911816,0.000702137005007878,0,1.97057212126057e-07,0.0131546695963604,1.85199417576101e-05,0.000172634010077957,0.000117246878206028,NA,2.80990300395578e-06,0.00122579134810997,0.0471587924575988,0.0472572993417207,0.00186265731109193,0.00977300300842365,0.0102922040761871
