Transported_N_loss,PolicyCost,Payment180,Payment150,Payment120,Payment90,Payment60,Payment40
438397.91,0,0,0,0,0,0,0
436657.2,13393.05,0.0115571997879356,0.160915581187021,9.52823013391145,0.0859595474200157,2.93158120653212,14.1547650109045
438384.38,71.94,0,0,0,1.26204078755443,0,0
338357.28,682580.63,3.49496953668852,3.32728590909411,177.503568194962,315.550963573654,20.6279776658841,4.20687239059234
391393.31,170440.87,21.6421208092034,5.21162689213989,19.5790286757276,120.759498233471,119.218804992664,38.3389976717734
391393.31,170440.87,21.6421208092034,5.21162689213989,19.5790286757276,120.759498233471,119.544212573422,38.3389976717734
435734.76,19403.1,0,0.171317465176266,12.1732521853367,1.05471542927612,1.67278158569044,31.258628763407
436175,14099.16,0.3213487814873,0.0126358956326411,2.26269747719022,33.9268602891951,14.794028467273,4.50127987823366
330310.13,764905.05,22.952066284282,5.1974566418995,199.461463980458,329.706643977492,119.412936475452,252.186118551892
336519.03,694932.93,7.18295626996713,5.20469701823969,186.354356017581,309.672044012655,111.808598557921,9.7312135234346
391393.31,170440.87,21.6421208092034,5.21162689213989,19.5790286757276,120.759498233471,118.881499805445,38.3389976717734
392996.18,160531.54,21.5368568022361,4.98585420841645,11.7026175348137,115.012441487133,13.569086329574,38.9769613657287
391393.31,170440.87,21.6421208092034,5.21162689213989,19.5790286757276,120.759498233471,119.842474896067,38.3389976717734
422887.08,105140.09,0.186656686776152,5.16655236008445,11.555158543843,92.545677528839,0.83029782141491,155.393516197176
330310.13,764905.05,22.645617953877,5.1974566418995,199.461463980458,329.706643977492,119.412936475452,252.186118551892
338357.28,682580.63,3.49496953668852,3.32728590909411,177.503568194962,315.550963573654,20.6279776658841,3.65125173051391
423726.1,94924.61,0.383916262648947,0.319852356089745,5.18709050963382,84.2064270106603,118.071186889377,180.116309145609
230432.17,2261141.32,21.4793957805057,0.385295072696168,262.031416095112,132.759389767536,960.975298769099,31.1677636046707
266695.3,1166179.63,76.7221009492165,5.16509770232645,241.394421759594,379.946476334847,108.872141560846,45.9402144743771
270777.6,1082041.74,87.0794988553602,0.888716250906239,236.895880295154,337.924150036048,110.414410929202,247.895898765942
390668.99,178034.62,19.5121634386292,5.11997121456012,20.9001206849078,125.686162375831,119.094619932022,53.4493112229196
376215.27,315812.78,0.62325319241442,3.49583181682621,64.4103470092977,197.606735194797,45.9583026208389,227.416846358358
210118.86,3073981.14,51.8692702347076,12.9030050486141,257.797552563772,802.544095026274,1216.32606445559,25.8005735666333
330310.13,764905.05,22.645617953877,5.1974566418995,199.461463980458,329.706643977492,118.08662827741,252.186118551892
197012.27,3899986.94,8.37619571293129,13.5576601896365,265.848062188646,949.61476597633,1270.01161615959,1534.64905508364
338357.28,682580.63,3.28295474548438,3.32728590909411,177.503568194962,315.550963573654,20.6279776658841,4.20687239059234
345646.52,613980.31,3.51393951899318,9.2028049526356,172.67976866993,282.643696203649,26.6248951049528,298.788327685882
353597.42,557442.86,5.65477289135665,13.2546123413491,156.045343034443,271.308592382286,193.861187887528,62.11383906468
376115.44,317324.56,0.62325319241442,3.49583181682621,64.4103470092977,198.475373315089,45.9583026208389,227.416846358358
263339.22,1236964.69,78.137674465584,4.92131491879336,240.973612216492,417.454378381803,90.0744260560244,59.7131170203713
173124.47,5041289.54,44.7279189279485,5.51134193688452,78.7182076662107,1062.52852522795,1510.68036937721,19.2704042894305
372441.13,400026.23,21.51561740771,3.59492985677431,70.8864147199388,220.767224709142,207.296291796763,340.639925694558
194497.8,4030691.39,44.3116172270029,6.92175038776612,242.14502078859,895.364961437214,102.66742405748,1631.17822464455
173124.47,5041289.54,46.2617464594671,5.51134193688452,78.7182076662107,1062.52852522795,1510.68036937721,21.0656613264377
196687.78,3902558.17,20.3497756077743,5.73358511986136,260.908751854298,950.643799031737,1196.28172702813,1533.16580448029
270777.6,1082041.74,87.0794988553602,0.888716250906239,236.895880295154,337.924150036048,112.279580588709,247.895898765942
308486.27,985843.04,4.74021496671136,1.3150143205678,238.2085008311,291.002649059551,147.923285038224,57.7561204656095
215284.15,2734267.18,1.46886683917818,4.91658005522967,242.153409203989,750.101371485459,1108.92515469115,1.1676389065785
348803.61,593284.68,1.50844155851777,6.40705078637951,156.627116501773,291.972779180515,89.881102675236,24.6712161597211
173136.08,5040128.45,44.7279189279485,5.51134193688452,78.7182076662107,1062.52852522795,1510.26514403021,19.2704042894305
390603.61,178053.18,19.0903818453054,5.11997121456012,20.9001206849078,125.686162375831,119.094619932022,53.4493112229196
345811.42,610968.89,4.72058299364784,8.92702072908024,172.630343915795,281.241701511999,39.9763711641529,294.957996354948
173124.47,5041289.54,44.7279189279485,5.51134193688452,78.4446388660798,1062.52852522795,1510.68036937721,19.2704042894305
321582.28,849606.48,23.0225946551587,5.12848739166246,223.644824855087,338.067447654741,106.156867029422,219.252999439328
196687.78,3902558.17,20.3497756077743,5.73358511986136,260.908751854298,950.643799031737,1194.26571963263,1533.16580448029
338357.28,682580.63,3.00078458988675,3.32728590909411,177.503568194962,315.550963573654,20.6279776658841,4.20687239059234
368392.44,492747.93,21.6303208862735,3.3693278677764,68.5764059454732,281.631903483472,55.425277558157,341.24573034257
202821.34,3422935.33,1.34411323470543,0.382353525401077,242.761533379355,833.387593148031,35.6512131809989,1436.13740737613
382847.72,273048.94,1.19460910595275,4.68761787179186,35.3749849065253,179.547184517839,159.813801475865,161.135855619699
196053.46,3972099.93,1.38077953108681,6.28854632584116,257.006476479703,889.648270173836,1225.11955382014,1615.06784292906
341995.8,624111.33,3.52356944957256,3.45614694406949,177.186988383556,283.249956272614,46.6362659767925,13.1862569016387
268549.25,1130230.98,3.68321958292877,0.784710330380848,240.082652327523,362.197088797736,186.657411973011,194.830374333034
210118.86,3073981.14,51.8692702347076,12.9030050486141,257.797552563772,802.544095026274,1216.32606445559,24.6114767765326
202046.24,3462890.93,1.52244293632831,2.88956213585027,243.033969744343,815.46839402777,1019.34290417876,1459.38334962633
196094.66,3947983.18,3.83735671299549,6.48736392372571,254.426007171447,890.292249767595,1209.10234909301,1603.61237321554
146760.73,8002871.79,39.3169596195432,5.26225105327572,202.976960037774,1062.3787050577,424.124362175254,2547.49983334123
201899.33,3466056.22,1.35440429585138,1.26625808059225,236.672613844987,815.861506194672,151.484909425888,1463.57603414784
263697.5,1221822.65,80.5193324452244,3.77984968566067,238.983413763298,411.789057570217,147.352857990973,60.1053548313869
338504.52,680175.28,3.00078458988675,3.32728590909411,177.10030326076,314.688524284961,20.6279776658841,4.20687239059234
334107.37,714331.74,3.30716176429782,3.32443727077529,188.468079261083,316.395449153185,53.8649087724624,22.2236323694382
194497.8,4030691.39,44.3116172270029,6.55825185439042,242.14502078859,895.364961437214,102.66742405748,1631.17822464455
369899.42,484975.76,21.3239437118624,3.37217650609521,57.6118948793529,280.873564130496,22.1883464515787,323.228970363724
196304.71,3940916.64,44.4746409604552,4.86201186464027,242.149700661413,853.446629545618,150.469471280695,1629.32605483241
161031.15,5899283.33,0.162531137952275,1.03965477596207,42.3972482444064,1069.04655167274,1667.44421278623,1919.09326284611
160276.31,6080033.23,0.948717320688878,0.0361741024369943,4.47433934860714,1064.31247787901,1452.33558505845,2002.10376667616
210118.86,3073981.14,51.311747443743,12.9030050486141,257.797552563772,802.544095026274,1216.32606445559,24.7715554134896
149235.55,7571033.68,20.9326421563527,4.53875366532914,60.3721518817468,1059.44489698181,0.0307990924551405,2437.17584115065
160118.87,6093325.44,7.50661095660777,0.10085418295912,228.758523286525,1062.36867470913,1097.11062747758,2006.72275074239
152882.33,7078849.01,2.88721077990242,1.02170327538835,32.3278297219896,1065.61558253049,1590.0817323275,2310.63757103985
174303.73,4975993.88,5.90003791286605,1.05288866515498,235.756300089392,1067.55857980564,1482.35154344468,198.203309733839
230904.84,2222383.99,4.97755885550805,15.4916297172966,257.073092432812,188.552686074486,949.530957617645,38.2854762650215
152143.33,7194438.67,36.280467493232,1.06705852541252,187.528890534478,1065.55485545583,352.905264687337,2342.26895561166
160406.34,6079466.25,7.51262824110261,0.0357881337628635,230.428047996955,1066.17991078236,1448.15511565815,2002.20444551529
152143.33,7194438.67,36.8661527850459,1.06705852541252,187.528890534478,1065.55485545583,352.905264687337,2342.26895561166
194497.8,4030691.39,44.3116172270029,6.55825185439042,242.14502078859,895.364961437214,102.509622430449,1631.17822464455
203562.96,3342277.35,4.0112160117421,1.27458542695915,236.126781131887,810.861702167651,142.381387315901,1416.12623082937
265742.34,1170558.81,3.60113904593491,0.80153141144793,239.021482292288,384.742431939102,202.690336599968,173.153405914572
187666.19,4523449.14,3.03377814699019,13.3894150343977,248.423736250695,1068.40440596826,1357.62981003793,1617.71694035677
201869.61,3467718.4,1.35440429585138,1.26625808059225,236.672613844987,817.097610651189,151.484909425888,1463.57603414784
173855.32,4992407.34,6.11506428262988,0.872142281507646,242.89692729384,1064.35832821906,1490.18580837925,1457.27739568253
139590.69,9308609.57,0.0413746462713442,12.3321050604156,39.0094368340031,1068.98834535816,1483.38110882241,2837.25807949579
159476.93,6166060.09,21.0019744340638,4.74910870650426,57.2510353327646,1059.79502692941,1260.56170220425,2033.57330240789
146859.05,7992511.84,2.11783010568376,5.07121167810278,71.8379871795175,1063.19984941509,1636.88832420489,2545.24387056126
130411.11,10567189.72,38.3837809732076,15.4837497632887,279.791516394977,1108.00114652125,2308.00916043497,2862.89202517498
369947.01,479740.41,1.60336542476916,3.41267981894428,57.615344694235,282.421101886461,150.771022956297,256.733438274923
438194.4,793.64,0,0,0.674293543228235,0,0,0
149882.74,7482843.14,4.09346507474028,4.58635728988623,60.455375832552,1064.29096556,1552.1784778248,2412.94141006255
202821.07,3435255.99,0.934347701428421,1.38738675929541,245.845644291441,816.288112998988,153.525449387679,1448.2159297524
184538.24,4705539.07,3.44225767775413,6.72099285841257,248.937252205178,1069.04868796766,1367.75464446597,1689.95530850166
161031.15,5899283.33,1.22707525990246,1.03965477596207,42.3972482444064,1069.04655167274,1667.44421278623,1919.09326284611
317006.42,899095.29,2.01029942329991,4.42290004959326,226.325412903952,358.385764460943,200.841714362048,25.4214530168059
437280.3,9776.42,0.0312001321864677,0.047150933141288,7.21600869832224,7.79971911439603,1.34940950346464,12.2334677267264
194270.11,4039098.09,4.22669470402243,6.32375079549339,241.534504972831,899.710483176892,105.334859354529,1631.32492451448
198003.24,3733611.44,2.51959675403078,6.4218279610131,241.498507613501,897.983256772999,94.7916711491818,1508.26333298955
208531.24,3107809.94,1.26085427275966,0.738242143129186,238.374425245584,779.121480882307,1241.16191589665,320.672152072565
160985.5,5899496.65,1.22707525990246,1.03965477596207,42.3972482444064,1068.55333230903,1667.44421278623,1919.09326284611
189831.7,4412758.31,26.6028904501554,5.2236230082156,242.444036521632,1059.84936514752,1495.39124209626,1385.05281061711
122594.13,11865892.24,0.264323483716867,4.80883247747523,238.961896391504,1074.90655118518,2271.91603628264,3145.01181074856
130411.11,10567189.72,38.3837809732076,15.4837497632887,279.791516394977,1106.42311067747,2308.00916043497,2862.89202517498
160985.5,5899496.65,0.760846195272845,1.03965477596207,42.3972482444064,1068.55333230903,1667.44421278623,1919.09326284611
331622.92,729945.18,20.5521841599689,3.37176071685638,198.805579723413,309.939915357123,22.201162925394,2.77347931210139
199654.23,3665944.03,1.81644861132211,0.271771289554499,244.860322576009,830.560917605959,152.206920479406,1534.90759232347
141534.39,8893917.54,2.37968794392389,2.91990528271223,57.3817331015239,1058.15498243998,21.3397481735701,2746.09041730863
130608.83,10464470.86,1.49335653651522,8.49849234968529,242.746241853612,15.5834125013272,2286.20851433836,2838.40297796875
151042.96,7297268.29,41.5419635732566,0.0597052317686234,187.436928747018,1063.02229064168,52.4413994941803,2363.07331312403
138678.43,9437659.11,36.9188332850504,1.17458398049785,192.192990640339,1058.76543183517,456.652115967033,2861.62627755555
149850.81,7485224.85,4.08508680434353,3.69347027683667,51.7799357413369,1063.92014971529,1554.51178271729,2413.63232683638
153041.4,7037897.02,3.73985968623147,3.64897590039619,57.2574043996616,1060.48744965381,1604.49962880991,2299.76278158836
139666.4,9275684.05,37.2173529252985,3.88768274877963,183.366370711287,1064.87486040083,535.865909716885,2829.2291905269
126666.72,11104425.45,6.49524639330328,13.9697566682864,251.486643472743,717.087813354312,2268.28564694106,2992.80850218892
297579.89,1062931.75,2.09197109834521,8.06397703097371,246.228171442115,333.105512053513,345.004378263503,203.083826463584
157098.51,6454928.23,1.00327725799609,3.74726311868355,57.2493707844487,1059.40687230523,1420.63827866246,2124.96369048988
157774.13,6302703.78,1.78179347483255,1.20871625916275,237.461447983749,1063.57545069366,1746.65072320494,2059.32249281205
140216.02,9207012.87,3.44419941247488,6.67530545223164,55.872074751229,1069.00047863942,1366.78111115826,2818.06743449435
261686.99,1278179.7,3.54771781613924,0.113940906029036,240.398768075091,438.352196527568,105.691552624558,206.146015850131
169980.96,5160561.27,3.36273348632569,3.15869491907455,61.1329337848561,1059.37378460831,1424.86794548538,1655.37351809027
147958.01,7823016.91,0.388374659405065,3.3599682373679,200.275535181652,1064.10130508668,454.876192099051,2504.12147782748
198003.24,3733611.44,1.92676741480266,6.4218279610131,241.498507613501,897.983256772999,94.7916711491818,1508.26333298955
158952.54,6249620.18,1.87489816495342,3.68001310819636,49.7365273311798,1062.90489193477,1604.574704783,2060.25227707124
138727.5,9433599,36.0311438710417,3.98219176287397,184.31741684007,1059.13060908679,1389.48188186833,2861.32209553523
349698.57,578331.45,19.1115096640915,2.94653869166062,146.566904877597,293.299212596854,14.2767924097243,290.363804278014
330624.04,745852.06,20.1705955372926,3.38776580272803,199.340353073434,318.432085343965,67.5013762653482,18.8423500437254
217369.91,2624193.12,1.46452820413232,4.88633822863153,242.075950507874,692.437356779675,1089.03850046205,10.2969140458413
255188.46,1473522.06,27.5117898762971,1.00655789808631,239.286984281189,521.932499593202,83.9811996442509,47.3474242066409
160703.47,5934402.84,0.75089728984052,1.03598648826147,235.237642618571,1068.03134823515,1683.48774360321,1928.77740475138
138442.32,9513050.97,6.86417006502666,0.162557778175777,59.0331042259763,1065.6085747383,1447.48727092117,2878.19245609801
141058.26,8998778.21,19.960454833894,2.84141905148845,56.6496922970828,1059.68206815492,1136.90917283611,2770.46051487013
156718.53,6542830.87,0,3.31621331664658,42.8654153771337,1071.18341025051,1080.4035758485,2148.06042638475
194743.57,4020023.65,2.08369878897018,6.48292694644347,242.153599045339,887.639004390743,120.252852692808,1631.18587043063
163051.86,5756602.11,0.135497621516692,6.69269225786647,241.56444350631,1064.30981904585,1426.84239076783,1885.91995712768
131832,10189100.72,21.352639413257,5.0765060066866,243.485350933106,254.720139458857,2268.66738590167,2763.14371589413
121627.74,12054950.25,7.08317446114748,12.2222356810087,254.10860703878,198.380437017576,2278.10817098932,3178.90276039843
148967.15,7671103.31,17.4483271963897,4.72348706212126,22.5665730987363,1071.02748667046,1226.90291288911,2463.48624397468
165664.92,5527998.9,5.58489360993271,5.89893556158898,234.325192728992,1086.26285551909,1564.16457781464,1777.83801512674
147973.61,7817242.93,0.388374659405065,3.3599682373679,200.275535181652,1064.10130508668,452.913776506935,2502.36042174419
147942.41,7828650.93,1.42331717881157,2.9093614024047,46.5582138568591,1064.08537834833,429.959108720154,2505.83434537013
144603.96,8394226.42,6.93190161506551,4.26400416548393,59.3263013781452,1064.68649297524,1450.19927443773,2641.60742925761
149028.77,7632375.67,16.8326294519906,7.92123874632924,19.812045624693,1064.65896779514,1359.90731261712,2453.41067385161
197378.89,3770374.14,41.9062577206494,6.4557040744356,242.150192199024,887.310032639983,122.837631867724,1528.08385002496
433917.86,33357.39,0.0311292885502575,3.38428444972588,3.13250901948683,47.7550092981691,30.2166333030477,22.6780324332217
159261.59,6218292.78,1.4803786578619,3.30121907756784,237.271629655388,1063.60056171638,1552.36177083992,2050.70346947215
126666.72,11104425.45,4.9250889718713,13.9697566682864,251.486643472743,717.087813354312,2268.28564694106,2992.80850218892
207236.33,3205434.19,3.63810336834833,0.161995729406106,238.494739553591,774.780659894653,1277.26519236309,210.960219552856
136478.35,9540321.42,17.0328733307099,5.52487901483176,175.511080677753,1064.53883646056,2298.60861705864,2508.1926732418
200731.14,3554290.86,5.09184211756932,0.00488813219441747,241.434226045119,883.420567739652,104.83746195949,1444.80727766364
139590.69,9308609.57,0.0413746462713442,12.3321050604156,39.0094368340031,1068.98834535816,1485.09533593868,2837.25807949579
417672.78,113920.08,1.39697140144611,3.47274097005649,24.8774580909069,109.509600107919,16.1656853778121,21.8547493138685
141086,8986571.56,7.30095449995467,1.22100221681597,54.225844731042,1060.51443675015,96.4245749476186,2766.29397030088
149374.16,7560697.08,2.72585338419058,7.76275477708606,18.1360528239523,1064.17696567432,1437.39210942231,2433.11177702846
261230.32,1286948.88,1.17046872055058,0.690187319752116,240.278453767084,442.693017515223,69.588276158114,315.857948369841
143285.98,8611446.03,2.04673453432023,4.7635272342438,20.1234886763976,1064.13209701219,1720.13806678216,2686.60869900934
153850.4,6974334.24,19.8320139835286,2.71395277730911,57.0250018310934,1068.22205801717,1734.5555504136,2282.02711736231
136026.88,9553641.08,2.24678629450181,5.47424678620414,169.249531262955,942.839527995362,2286.74098627961,2525.93404125971
139590.69,9308609.57,0.0413746462713442,12.3321050604156,39.0094368340031,1068.98834535816,1485.79211975517,2837.25807949579
152524.27,7150903.68,5.1972856988246,1.64877169379454,244.515145785858,1068.63735158563,1678.15516904209,2331.34479551158
348780.06,601947.91,4.9107756152295,4.57253799145894,147.538108255107,304.032791477051,142.016877669908,236.702689852286
159476.93,6166060.09,21.0019744340638,4.74910870650426,57.2510353327646,1059.79502692941,1260.8499270069,2033.57330240789
326771.69,789722.9,19.4562253285273,3.69729396107379,206.499289069355,330.921819581224,165.749299573777,152.060628049102
187884.74,4517509.29,6.98570203003604,12.2709382540929,253.765322965152,1025.45610432497,1323.79631822803,1698.53495362919
152345.65,7178325.59,1.4543199489555,3.32222320247089,225.46079330699,1069.35575978256,1263.71044419649,2337.86476362529
149968.59,7480875.43,4.23354566812633,3.73211833827164,236.004856847377,1067.54297168091,396.654731757812,2412.12673249522
175674.85,4910346.82,0.39891952033145,4.26558296496936,41.3454124625031,1069.6688979691,1454.70224432607,1399.7247497621
185064.99,4675286.48,3.11982773141778,0.430622060726027,239.238103769075,1039.33055836394,1372.57386070334,1733.84391686356
255948.26,1451761.86,1.0713971291455,0.821653523413809,240.331834310268,512.54477478419,125.148932836805,137.484057411838
167326.75,5357431.27,3.36842446495982,3.74752900811739,198.284226175321,1063.81910755128,1352.62179412198,1731.44014398196
165062.77,5590950.73,3.43663381188641,5.91464558148787,244.729095780506,1083.95729672251,1565.18394094613,1808.51787389176
190932.63,4239320.11,41.4372333837599,0.847818654121428,242.608129105849,958.356714685703,1299.88101552487,1653.86405029752
157469.45,6423669.92,22.6571785885698,4.8041014621927,197.418738910377,1059.99213389069,1352.8136818333,2117.45009884713
172575.91,5053408.16,1.50340361571604,3.49385564288386,228.117690607411,1064.58984253661,1239.8461800526,1610.64276661228
215284.15,2734267.18,1.36587795455686,6.36996240231871,242.153409203989,750.101371485459,1108.92515469115,1.1676389065785
175303.75,4915120.14,2.83760387984592,8.26540063879501,243.317670835749,1064.85452146888,1460.368837494,44.354633812708
129970.08,10621833.68,0.186270823661703,12.2749078856779,32.8399996379074,1067.67395053155,2301.17021175346,2878.24488506908
159476.93,6166060.09,21.0019744340638,4.74910870650426,57.2510353327646,1059.79502692941,1260.51632474218,2033.57330240789
140730.94,9064855.09,7.69491692532677,2.9047374936463,64.6355534497406,1059.69474960137,1744.00441283408,2785.58634472923
197328.64,3791424.96,1.03025900342052,6.02074064921488,242.650504728167,917.382309071816,1231.974120176,1515.96253744748
194497.8,4030691.39,46.3609952034732,6.55825185439042,242.14502078859,895.364961437214,102.509622430449,1631.17822464455
122594.13,11865892.24,0.264323483716867,4.80883247747523,238.961896391504,1075.29109885771,2271.91603628264,3145.01181074856
199689.73,3603979.11,7.1304067998371,1.13807335434127,238.150128900171,881.363244735187,105.04097959915,1467.10067723097
159429.95,6180371.43,0.406201263474323,4.69397569215567,215.7387870955,1060.82012729203,39.7639978272601,2038.30712851877
151134.4,7277493.39,7.64429238581842,3.49956435214522,231.246616169945,1060.69119690974,121.68316831799,2357.94249934802
141693.71,8882016.27,5.2623898176869,0.0878169946691173,57.5099418759901,1062.57175975462,96.2210573079587,2744.00057073355
148049.98,7777257.34,6.60583959302959,0.386416269871605,64.5330323156012,1058.81774048488,1779.29589603748,2491.20586925919
134440.38,9692560.37,3.52813154806047,2.77342469618414,242.365952923955,1060.08295285154,2258.6744460097,2600.57684198622
267080.62,1157365.95,4.89966835098471,4.77103018593153,241.675175706324,374.983453141317,143.262498031914,230.340080444467
154353.52,6847666.3,2.56140043334706,2.92073748874458,220.330167124895,1059.70861945907,437.500157894669,2244.52439402076
140730.94,9064855.09,7.90049912586019,2.9047374936463,64.6355534497406,1059.69474960137,1745.11709619421,2785.58634472923
165615.23,5529171.28,5.58489360993271,5.89893556158898,234.325192728992,1086.26285551909,1564.78689958012,1777.83801512674
155661.39,6676061.81,1.27744531960647,3.38350272487862,68.7109846237929,1063.94261782615,1421.2732872294,2192.35865259844
169674.29,5198685.78,1.45200539273981,1.05235840299446,60.8075470553448,1063.72526714815,1234.20808370426,1670.24085333871
211474.46,2940243.75,1.60599824591557,5.27989266484494,243.943732198156,771.806965475053,1180.74125073841,361.716918943366
212621.4,2881378,2.01779562857354,6.76531935107785,242.974106076167,784.321773050211,1149.79225274289,145.300516754274
255948.26,1451761.86,1.0713971291455,0.821653523413809,240.331834310268,512.54477478419,125.148932836805,136.625743225582
127014.9,11075759.68,0.760459074839988,15.0804632290535,45.7139614164727,1071.78910344121,2276.37088331451,2987.92309431028
175270.8,4917133.19,2.95096489897796,5.16293505110649,32.0133228656787,1065.01607528766,1461.13356007461,1.76500404699959
121627.74,12054950.25,7.08317446114748,11.0009147374872,254.10860703878,198.380437017576,2278.10817098932,3178.90276039843
135518.29,9559685.31,18.569763457429,5.2203156366606,237.2867714616,478.712021992741,2269.89108811446,2540.74662735588
187035.71,4556287.63,2.8809777218419,7.35326191186011,250.773744596127,1069.72381697211,1294.19714558467,1636.33261623843
131832,10189100.72,21.352639413257,4.62052799104633,243.485350933106,254.720139458857,2268.66738590167,2763.14371589413
154293.96,6858340.07,3.60485337699138,3.93038957785791,168.759464048582,1060.10595820637,1462.42466150247,2247.44666044163
150355.64,7380354.63,0.312587405750883,1.62409035954373,69.2498902838306,1056.53328853231,1492.42350501673,2386.36809790288
198893.77,3675978.35,2.01840963743047,6.42619624414019,241.498724986222,899.428534262332,94.2085796148515,1483.00525172815
127023.8,11073844.07,17.9124731776898,15.0401708189939,50.2982618975403,762.143520139177,2276.29037622806,2987.5169877059
425068.54,60680.3,0.00737325565149444,0.0312616934381011,5.71528267402289,81.5935642567302,26.216698349545,68.79778441991
295831.43,1080998.9,2.95347461279215,4.42095399223518,250.039945347028,338.739735634837,104.26054339771,229.55574895158
148174.77,7768629.66,5.91290778958567,4.77342929371357,235.001013944286,1061.06161993227,388.165573467113,2489.75735663617
156209.21,6587040.09,1.7853013144717,3.44571085721051,53.3647580946107,1063.99527768846,1726.09724412681,2162.89361956032
190222.28,4325277.94,17.4623878709249,0.807898224675857,242.624567196762,961.432714055668,1329.72460031168,1688.98109882442
140611.02,9085666.25,7.5148049891677,2.93078029120648,234.145700164748,1058.82696944419,1721.64699869356,2790.3371278154
128688.04,10798798.59,42.4322992173471,1.80035582464311,236.340894969751,774.083537342408,2282.34789568479,2925.93095169507
194040.71,4074654.26,2.24337365297043,0.0712335743305319,241.362194497112,884.831931104811,156.026529231444,1653.36582458002
210164.31,2998042.71,1.25924871554858,0.632349345887638,238.319154231723,777.686091751134,1200.06449007193,321.409226977386
147209.84,7923207.26,2.76577916601431,2.90513752344657,65.4809569796788,1059.70859910493,494.121538055169,2526.74051430611
122091.06,11906854.98,2.8755320124474,2.4994489114743,240.948087942792,190.405906289661,2257.46951951256,3149.38369591518
121707.23,12024387.56,16.537187766722,5.25838932198857,236.56616143676,1074.16130120966,2273.57103913077,3172.49032295968
148049.98,7777257.34,6.60583959302959,0.717745544482784,64.5330323156012,1058.81774048488,1779.29589603748,2491.20586925919
144586.86,8408102.79,2.97531595317013,0.842276249378011,229.001051191427,1067.41767474931,1318.50198985817,2644.84439412331
141892.44,8848258.89,5.26620447707138,4.8844747435993,8.17277748278661,1063.90793533612,1576.01763614213,2735.9448750323
149672.8,7535754.08,2.18402911528245,3.39565676369152,213.990216748557,1069.52855875796,1431.2142128043,2426.44649521288
372355.12,404243.72,3.27775472282192,3.45699048826906,62.0873704017042,246.714264453724,29.5209207830213,234.556433746834
131832,10189100.72,21.352639413257,4.62052799104633,243.485350933106,254.783244807627,2268.66738590167,2763.14371589413
125637.64,11264899.98,5.0497644596894,4.8017212085147,238.537367996439,239.922684509425,2258.62523766744,3026.98899552794
325078.21,802106.01,21.6871399865677,3.46388526167974,215.585504619011,323.875576205912,269.730387480143,190.898530602292
255048.73,1480820.75,27.3086507176546,0.877796943589127,240.088637969787,524.201270178638,210.530530175002,184.731539273682
219498.57,2565639.13,8.99964480279569,1.65584978825564,252.28085068885,691.262478121716,1064.8920273502,24.5703374221003
190194.83,4326932.66,17.4623878709249,1.73458055163547,242.624567196762,962.171207740775,1329.72460031168,1688.98109882442
148049.98,7777257.34,6.7374222246466,0.717745544482784,64.5330323156012,1058.81774048488,1779.29589603748,2491.20586925919
353755.75,514979.54,2.83467015405273,3.54272349548227,146.661763998631,259.108593111673,148.616954726011,231.171257722745
162322.48,5863209.66,0,3.30934230363349,61.7088870071326,1064.14592230543,21.1381133785999,1929.03574713198
150750.7,7347127.88,2.96447635561429,5.00807320032733,32.0249194986679,1063.56896404782,1768.09852598791,2376.77146344513
160494.65,6055615.93,1.48244801073654,0.646095749494578,220.149752101021,1063.65660645991,27.8584830724011,1994.47060791392
127941.98,10910764.81,18.6920798734423,3.90843820135962,239.310362427387,1058.75425836697,2274.67226454619,2952.82286161133
127023.8,11073844.07,17.9124731776898,15.0401708189939,50.2982618975403,762.790020071416,2276.29037622806,2987.5169877059
134035.86,9760605.22,1.99549488852161,2.89199820783763,242.631212258949,1051.29669004479,2258.613681774,2625.91584846783
127053.53,11073165.42,17.9124731776898,15.0401708189939,50.2982618975403,762.350782619036,2277.39351062729,2987.5169877059
167978.64,5303984.4,1.89694051667118,5.10023834565555,56.3965820498247,1060.88878798027,1247.73411038963,1714.07010463894
327419.66,784952.07,19.4562253285273,3.69729396107379,204.848755806345,330.921819581224,165.749299573777,152.060628049102
148049.98,7777257.34,6.65303178969192,0.717745544482784,64.5330323156012,1058.81774048488,1779.29589603748,2491.20586925919
197299.75,3892389.28,21.0502385409923,1.02151917572563,240.29785926951,989.72163001629,1388.51164511924,92.817413125053
324668.03,808483.92,21.571014182458,4.53789355478828,217.666813366079,324.200158213815,96.1583203376767,179.011499157285
194040.71,4074654.26,2.24337365297043,0.311798884966315,241.362194497112,884.831931104811,156.026529231444,1653.36582458002
259524.2,1318479.62,17.2209738380109,0.461135907706317,236.902910285829,459.609675940373,210.513601133643,10.6007550237212
150355.64,7380354.63,1.74711113807948,1.62409035954373,69.2498902838306,1056.53328853231,1492.42350501673,2386.36809790288
171044.01,5129217.15,2.89026338763355,1.10588722638192,57.3380374279874,1069.30986559731,1226.77658913345,1636.2665160802
143314.72,8600728.46,2.96696925658122,0.881652011260061,241.751895910584,1062.48765930665,1171.85377710329,2684.03375421802
143173.52,8619935.83,2.99309563872008,0.723341059533576,38.681212346092,1062.31324844394,1467.61669768335,2687.66323661949
138501.24,9483890.74,0.234093224779451,4.24520077723065,51.5900987812122,1060.12978823682,1433.51423890961,2872.12458092651
124634.21,11502208.9,18.2846009095581,5.26149087757938,237.095689450131,420.492959802946,2273.54447401994,3076.86311249676
169381.59,5228970.91,16.8864840052199,0.357200383246929,236.432076175085,1069.75089636743,1456.86543617197,1673.39803639087
162396.67,5857488.47,2.80411266279568,3.55256937199831,57.6243749968053,1064.45624631063,1183.19657602737,1926.95589857523
156191.64,6590780.94,1.47689885811737,0.661889435904152,57.9273912196354,1064.01474587495,1363.35425694159,2165.12929365816
139409.17,9328665.53,0.000975228833876081,3.79893556282969,58.1185289195403,1064.0237947074,1422.72718768593,2841.39532084684
141799.62,8869889.27,5.09065799799313,4.88290162533127,208.456287080315,1063.64845316038,1573.87387111697,2741.52372456659
192572.95,4114814.8,7.38519731544535,0.247909347504122,242.612465646932,955.481437557568,181.016936428203,1606.50249330844
148049.98,7777257.34,6.65303178969192,0.496486047542548,64.5330323156012,1058.81774048488,1779.29589603748,2491.20586925919
145428.09,8232802.54,3.47657547698032,2.20163357992433,36.6620291484096,1063.2329516603,1748.90803016873,2602.94748781422
217369.91,2624193.12,1.46452820413232,4.88633822863153,242.075950507874,692.437356779675,1089.03850046205,9.24861940961552
142431.8,8759498.16,5.17169083821949,0.400295226943381,65.4840641371145,1064.17278629392,1577.97220162644,2717.26152229278
128762.49,10751465.21,6.19760474951072,0.781229880688786,235.914726376499,1064.04159542699,2275.06549960674,2913.51555952962
188435.7,4471632.32,2.84574482886237,0.0745826241223132,251.653633951719,1033.65894447984,951.915813729994,1670.4361056465
190194.83,4326932.66,17.4623878709249,2.62859034513017,242.624567196762,962.171207740775,1329.45800795721,1688.98109882442
147593.87,7872346.73,6.57234349748904,0.380860645086184,55.1219833021939,1059.48185246584,1737.5282168065,2517.0170222368
133871.36,9855327.75,18.6957031980588,8.26991528980299,239.480079825543,1056.27673906952,2274.77840945106,2653.02138059461
130845.35,10392106.83,2.66740294089023,5.12365140730508,226.539984155232,1064.00918809289,2276.3774556082,2820.70616468143
147133.12,7935365.63,1.68103624638343,2.93118032100675,234.991103694686,1058.84081894775,470.651440554515,2530.3710345059
306852.93,999924.16,4.98157332470837,8.41366274522904,242.300374788063,377.674397769201,163.464180310819,367.341812592025
255885.84,1456341.11,15.9226270662908,2.36540378959923,240.911277490818,514.079124457125,159.56915836366,351.017844088147
250418.42,1634052.62,3.27586527084843,0.421240506425217,235.203060804513,583.124393763663,71.4190383134382,248.883320607242
143173.52,8619935.83,2.99309563872008,0,38.681212346092,1062.31324844394,1467.61669768335,2687.66323661949
208080.54,3130472.35,1.23970657118565,2.38086356175499,240.812364341322,800.979251827408,1239.43775677456,353.259916280581
153967.44,6921707.64,3.40022241831369,5.1700982903079,175.978576429774,1060.44704494355,926.722479959226,2267.30610738488
124339.43,11502223.02,4.0099419477565,1.60513022585431,65.8395959852262,1056.37286692553,2257.38857776995,3075.01098943152
250079.61,1647433.04,3.17297726536345,0.207978033010212,235.237430239075,587.535908175799,73.2661440476204,250.203497485224
143042.49,8640068.58,2.98179075372915,0.217413950937616,42.2859364196099,1062.04041566304,1450.06043207644,2691.06244722461
212696.86,2878937.74,2.01779562857354,6.76531935107785,242.974106076167,784.437388837033,1148.96582403605,145.300516754274
208704.18,3077404.04,1.17293184450564,1.66101743688477,237.918847271267,804.230446364567,1217.33321088192,40.5683502279338
164025.96,5653625.32,0.388942536951936,2.92981862970368,236.395323290805,1058.79487301075,459.009741253166,1852.69824183114
150178.8,7428232.66,3.13176561759404,1.05918908844185,60.1344998754151,1063.03000925938,1662.39896581213,2398.13454669096
160629.41,6047201.28,1.60393478216421,5.20113959131162,63.390547415022,1065.0135822031,1460.43898167339,1991.48088647502
149112.52,7599634.79,0.808983211180282,2.95750673332341,200.658087285342,1060.05774661755,1230.91054248229,2444.62956338401
147360.27,7898360.95,6.73822534463973,2.9311352679567,235.0129662888,1058.84057889921,432.409445588731,2522.00723982668
255829.35,1464865.35,3.11926930474994,2.38960248030191,242.257384198824,516.707167250493,153.413928527755,351.595486440542
155072.67,6767713.95,3.01508913468955,3.63489413735213,64.3124873671935,1066.27351225907,1436.68439554856,2218.22078742804
315992.34,901592.67,16.4410346846834,4.37999087974258,234.70537918107,328.855560552001,388.054372877491,347.189957884632
160629.41,6047201.28,1.60393478216421,5.20113959131162,63.390547415022,1065.0135822031,1460.20960893825,1991.48088647502
184938.48,4681480.38,17.5467321147874,2.27010874731726,243.990955350574,1057.88064284847,1437.84928193788,1706.62716718706
156292.5,6575126.88,7.23757149876598,3.5428463346113,235.934333836354,1064.1172525972,168.443923238201,2159.67067184882
163665.68,5706614.2,1.20055166225893,6.37823129389317,223.325654703516,1063.973410563,1358.62539126056,1869.29233508485
162037.5,5895187.81,3.01293667759347,3.64734074568339,57.8980322520065,1064.5916589099,1180.8162349346,1940.69217174874
142832.74,8690057.08,2.63459020518897,0.152257800554129,42.9013477989878,1062.44375137409,1451.43800630904,2703.37698501925
125616.42,11272360.8,5.0497644596894,4.8017212085147,238.857750587617,239.922684509425,2259.00382539263,3028.91437545336
134440.38,9692560.37,3.52813154806047,2.77342469618414,242.365952923955,1061.83325214776,2258.6744460097,2600.57684198622
155431.42,6718521.45,2.80626511989175,3.54012276366706,64.0388301119923,1066.13809965979,1440.33612593588,2204.48451425453
129397.74,10634011.11,6.27796039405056,1.0707163940345,235.958235643627,1060.57918501377,2275.42988676134,2884.01890109418
372581.59,373389.69,4.2908594129901,3.92786027295798,68.7290443377146,228.558762976538,151.957374315936,235.402828879196
414509.66,158342.77,16.7290893722055,3.85603802909457,55.5460961824118,129.493069822303,60.0036375939999,75.3198686403961
208944.01,3076267.99,1.17293184450564,1.66101743688477,240.969432672727,804.230446364567,1217.33321088192,39.4448491425287
141967.24,8837125.76,5.18249353143888,2.86454920056471,208.7587477753,1064.61911813953,1653.49509048734,2733.36935622145
134319.35,9712374.72,3.46558998290974,5.00550631553202,242.234413447044,333.678275017729,2258.4504647282,2608.20410836959
124317.6,11522626.3,3.85097602642936,6.16982536771835,65.8064099957891,1057.73032508794,2261.04230459681,3080.03800984281
328472.32,777000.91,3.16835117478843,5.60032242723415,205.528682723719,326.374081340012,202.122085913599,245.919703019678
126795.68,11080785.63,21.9363581038125,4.9659412792392,248.561882132633,258.403906574498,2267.40963497653,2988.01040359323
133069.87,9921052.27,2.14959995969212,3.85536687780693,240.660403030211,1056.69286461065,2257.60427547643,2681.40532170752
128131.53,10851382.06,20.5440715240787,7.73786598565677,242.130715487331,1070.56336053271,2268.26284664615,2938.91509890377
140289.47,9162188.72,17.3180774117502,5.0366479051417,224.399192979956,1060.4378323502,1404.48099265395,2807.66630368777
131825.58,10190058.96,21.352639413257,5.0765060066866,243.485350933106,254.720139458857,2268.66738590167,2763.35812704494
255885.84,1456341.11,15.9226270662908,2.36540378959923,240.911277490818,514.079124457125,160.190998911529,351.017844088147
150605.44,7354303.62,2.00353444785154,0.374242686368314,235.877009089812,1059.83664201126,1228.98808751049,2379.70026072406
143741.36,8515290.9,8.08002105925511,8.22138316962069,235.910103892131,1063.6200826221,2031.92872548707,2659.30413584416
142327.92,8768762.51,2.57588570729699,4.5222632228662,66.1163020022128,1062.49532784328,1139.2773780047,2719.04460817466
173225.98,5033599.74,1.56351857113917,0.232621473212268,204.600275709202,1063.56760108827,1472.38558898656,1603.12951180202
146153.7,8126098.88,2.7118510623709,0.485788592785471,40.6012913935721,1062.50725976561,1138.34490233051,2580.15280963596
297608.99,1036986.05,21.2065937387072,4.3493596585243,240.173401102269,327.037287118681,226.948340519432,74.2959711696598
256108.82,1448142.32,2.17865289579214,2.25745692852471,240.910328843288,510.546529188879,248.289225077421,44.4887916081033
311625.33,917933.39,1.33135061179571,1.87382771290714,235.108300230946,336.304462184816,377.418966936612,6.13908765048589
169594.16,5201548.91,0.810026543626672,2.98165176018335,199.484627573214,1063.45448123463,1157.29759492638,1671.76826456561
270282.73,1092237.33,16.7017485805801,0.132638062547337,234.825068983691,338.144516299042,389.724870574816,381.214793150889
156874.19,6476640.77,6.68948282600613,2.10670116425181,215.016170518495,1058.05041320162,1392.42273120563,2131.57919559441
135079.78,9672844.2,2.65355668775007,4.44462664080474,25.2200599369514,332.126336002577,2280.06199558847,2580.77076346023
129397.74,10634011.11,6.27796039405056,0,235.958235643627,1060.57918501377,2275.42988676134,2884.01890109418
169381.59,5228970.91,18.0244490687314,0.357200383246929,237.128886089752,1069.75089636743,1456.86543617197,1673.39803639087
131788.84,10198767.7,21.3144147343821,5.35791411568957,242.125377694409,263.957295442733,2268.66786776817,2766.23376699803
138593.54,9468585.31,0.0705429496594578,2.88230074375206,238.72743231804,1060.15983580301,1433.90229390384,2869.31298645667
148368.38,7742083.31,3.56199728606083,6.52355481078439,174.836376864385,1061.64913440944,835.723909025632,2483.19323996743
132471.53,10042228.33,2.20186666580141,6.15065538995237,57.1892443865966,1057.72826223955,2260.95753758274,2720.099653517
141509.23,8920412.77,2.50473881627698,6.72442211491597,69.4853466338494,1064.10252889998,1130.71182744681,2752.36456617991
146420.11,8068944.57,0.0674529850448438,4.40933172898335,30.1022819048999,1059.14560152081,1333.8667238156,2566.1362102974
164624.48,5612145.26,1.27169855327894,4.1760724018434,219.73612927042,1062.3662095063,1367.19094181845,1835.9723770796
189948.65,4338301.84,3.0084439118715,0.0935714373932348,251.394624359557,1007.55348437633,1421.88425206031,1647.82317408641
168877.91,5241555.1,16.6629169090082,2.95567829727931,224.606056572308,1060.46114002241,1211.98537652922,1688.10791384183
144676.08,8334446.17,7.82615005025227,7.9107755119246,43.7314061387683,1063.26063055527,2024.9619162648,2613.22355009035
211781.46,2892783.38,2.0039253825755,0.409451804694995,235.190435790697,784.511091172922,1155.34047530555,208.081621929509
144296.56,8447373.97,3.71747078829694,1.72513957477161,225.718774555253,1063.65616763155,1765.34816567974,2654.00164148639
328472.32,777000.91,3.99167276562123,5.60032242723415,205.528682723719,326.374081340012,202.122085913599,245.919703019678
126795.68,11080785.63,21.9363581038125,4.17860018731009,248.561882132633,258.403906574498,2267.40963497653,2988.01040359323
142850.51,8665828.33,6.56263777004837,2.23362423998626,39.1249230554334,1057.98337432114,1446.69341247374,2697.18662949027
125166.56,11352426.9,3.76279819336455,6.3009202309744,60.5811900133894,1057.07602326627,2258.76142150702,3044.99186545381
386033.81,196056.87,17.7106540229221,0.0915591490222669,35.3736234842453,142.180112750768,47.5392370886343,81.8110188331593
144210.13,8456709.23,2.37502911236396,3.08193224393558,205.609708013943,1059.79016740727,1130.43638625319,2656.57584546996
159857,6102475.36,6.53299200814404,2.21014763550172,222.213706704993,1058.11506129382,1462.18229093207,2011.13197691188
147273.37,7909555.35,6.5835482300044,2.94334351219735,75.3801514906979,1058.78834892352,1510.11257313555,2524.18192648629
129381.68,10637081.78,6.27796039405056,0,235.958235643627,1060.57918501377,2275.42988676134,2884.77697795717
132471.53,10042228.33,2.76171633309013,6.15065538995237,57.1892443865966,1057.72826223955,2260.95753758274,2720.099653517
228711.1,2299777.84,1.2865122676236,4.49570921735261,253.228580245189,114.532158966841,980.284135720521,112.608236793615
126716.57,11085257.89,21.9571380642115,3.99853206342221,248.623933896761,1024.70605768944,2265.40030956075,2988.48095519435
217304.05,2625421.97,1.46452820413232,4.88633822863153,241.892256770921,692.437356779675,1089.51103244774,9.24861940961552
166337.56,5433199.06,0.308561913029306,2.95614504202034,203.529072565632,1059.9427314632,1219.24570691572,1766.95677070925
144210.13,8456709.23,2.13975697841437,3.08193224393558,205.609708013943,1059.79016740727,1130.43638625319,2656.57584546996
162159.57,5884884.59,20.3163094625476,4.36817132583858,50.5272332060848,1064.00803520084,1443.93422514332,1937.68862796172
165966.02,5472329.94,2.1883922194296,2.24684129599323,216.661477581871,1058.18193129729,437.411763393305,1785.17392164032
124317.6,11522626.3,3.85097602642936,6.16982536771835,65.5255280089696,1057.73032508794,2261.04230459681,3080.03800984281
126716.57,11085257.89,21.9571380642115,3.99853206342221,248.623933896761,1023.8242922434,2265.40030956075,2988.48095519435
370394.86,439497.2,3.46167855969019,3.43142335778662,66.5755683178569,263.469750286363,47.8096301640499,100.614017265777
133020.66,9972833.64,22.2844592926546,7.76580557619237,235.345540679451,1057.03720802702,2268.52643602628,2694.77886527942
186228.84,4569970.18,17.4152765633836,5.14980542716852,241.592039158775,1060.70580677225,62.0523961738437,1648.17183461708
311401.65,920322.49,1.33135061179571,1.87382771290714,235.108300230946,338.298419343556,377.418966936612,6.13908765048589
146611.09,8044281.04,0.00334531916437779,4.39675405281637,26.0102337808312,1064.10783501289,1330.68183546723,2558.77749699353
145897.92,8162406.19,2.71729030945441,0.911264665205,219.400030965993,1062.67617708094,1338.74991345033,2587.74397798932
163665.68,5706614.2,1.20055166225893,6.37823129389317,222.275057284132,1063.973410563,1358.62539126056,1869.29233508485
174899.89,4922387.51,1.6063319510842,5.20122765476752,64.6324135623128,1062.88192916787,1464.36657488783,268.016969509478
124917.48,11403716.82,3.87328392219328,7.77363050227159,236.484594345572,1058.81132648358,2261.29349601172,3055.1565584972
309539.35,960143.86,1.32166859552113,1.87738028543673,235.022000529937,354.359080083454,421.812818976022,6.4043707400556
140535.91,9153882.01,17.8439862864432,2.03751204392901,224.373123317249,1071.24702234003,1447.01134242939,2806.82488946033
162122.03,5888100.07,7.63723504896531,0.955093047612626,233.01400355932,1064.30309637022,233.884808396958,1938.61141875284
211781.46,2892783.38,1.2343110588866,0.409451804694995,235.190435790697,784.511091172922,1155.34047530555,208.081621929509
123427,11716645.49,2.02178382019353,5.5193734136969,228.443705684523,274.234330869729,2269.36346604011,3118.67727128713
171337.86,5098560.63,17.8345116856606,4.71593990129009,226.410891264699,1065.10948390388,21.5391880051117,1626.88424540019
354732.98,496027.69,3.17849012911409,2.31291833986934,145.215641718753,249.600108867055,29.2963466593629,226.493854162464
153939.46,6937771.76,6.29112260074284,5.55168219417067,23.7513947116546,1063.35863090211,1444.83011176157,2271.64813564609
143629.79,8542607.84,21.5561004249438,4.47597183438198,28.9750125208124,1061.00973363012,1111.62739956989,2672.67089220193
183518.13,4752421.12,15.4050639405681,4.99915400960036,240.949131354151,1060.12076299045,1175.92713484343,1721.00600982761
174381.34,4963462.48,17.940752525028,5.22222842019101,38.033299594097,1063.89901733339,1475.54961558772,1512.94846805523
149112.52,7599634.79,0.808983211180282,2.95750673332341,200.658087285342,1060.05774661755,1231.40577457691,2444.62956338401
123415.9,11719238.75,2.37452675262176,5.42177559118977,228.483079023984,273.029914215324,2269.32608886835,3119.25992621754
152557.24,7113649.1,2.05455033332429,3.51324237728302,200.873579587523,1060.1637212238,1227.97475567931,2322.01812187522
146202.99,8125588.7,7.68923137972752,5.30539713901297,243.114250585922,1064.72621625865,135.69754468678,2579.85202899974
188254.32,4510792.05,3.59779797693346,0.276863695397396,254.70664250175,1061.36165803387,1414.53891114691,1647.59866571886
124041.19,11552868.27,4.53507367670242,5.11293466360521,224.257236174103,301.769254623029,2256.72347159868,3084.49788430794
148368.38,7742083.31,3.02488671124199,6.52355481078439,174.836376864385,1061.64913440944,835.723909025632,2483.19323996743
328472.32,777000.91,3.16835117478843,5.60032242723415,205.528682723719,326.374081340012,204.537012459852,245.919703019678
139482.28,9314835.35,2.67497383335827,5.09121943014819,236.084849002575,1064.017077197,1369.18912115197,2838.40478472609
165729.33,5497617.32,4.77775853829337,0.155207635072884,222.898399848987,1056.97480883287,361.999167709048,1795.77870871557
171484.3,5065610.98,7.23724357277922,0.374862375211846,69.729703274319,1059.62245826631,209.254083612077,1616.58769616346
128068.65,10861286.55,20.5440715240787,7.73786598565677,242.130715487331,1070.56336053271,2268.26284664615,2940.92587441826
176196.44,4850112.51,3.79320965034516,0.192513833233374,237.314690091463,1060.83428256602,1436.43318661937,126.348037959469
130941.33,10376918.04,2.67669162757558,5.13326428189184,242.389254657322,335.450978621377,2275.68388634288,2817.18622839612
328472.32,777000.91,3.16835117478843,5.60032242723415,205.528682723719,326.374081340012,204.762569513898,245.919703019678
139980.97,9219350.97,2.6595019521662,3.87028759506591,79.8541591223644,1063.3797739034,1350.03620321153,2818.63865793493
132471.53,10042228.33,2.76171633309013,4.58868136653479,57.1892443865966,1057.72826223955,2260.95753758274,2720.099653517
134265.09,9723102.06,3.6477363935111,4.50514165668153,226.385142944955,1062.23648448924,2259.14403399352,2611.72404465489
143629.79,8542607.84,21.5561004249438,4.45115906641628,28.9750125208124,1061.00973363012,1111.62739956989,2672.67089220193
192613.12,4113549.67,9.01030758068777,0.247909347504122,242.612465646932,955.481437557568,181.016936428203,1606.11601947176
145226.66,8263253.24,3.02428079082285,4.58179025758877,224.85358892452,1061.62753558978,774.414866014337,2610.27503354471
156874.19,6476640.77,7.86399602562035,2.31618104442283,215.016170518495,1058.05041320162,1390.38186996992,2131.57919559441
126195.75,11175483.98,20.9670045983203,4.01620553493162,227.225885121458,1060.19376033587,2259.31350045735,3009.77736087892
212751.01,2876123.76,2.01779562857354,6.76531935107785,242.974106076167,784.437388837033,1147.83917138391,145.300516754274
151962.09,7207461.7,1.21039181483555,3.29503694276892,233.065848980631,1063.25943878896,1432.89571565428,2345.7949699031
128466.05,10798951.77,6.28287866675137,0.0616410273440453,232.864418120778,1058.78905026755,2273.43009142937,2925.08411484219
173061.41,5053192.25,1.45081995922388,2.29208992473842,146.095280739198,1064.59852174463,1514.31142642016,216.174023702602
166868.08,5399220.47,1.21418871590819,3.16048225945439,232.516436012965,1063.66133823761,1346.92029484082,1749.01941687946
148341.5,7743484.97,6.57862995730359,2.88170248485331,78.473969013547,1060.57848366973,1512.11236846752,2483.87478960127
124875.22,11411381.23,24.5716473513464,7.77450958289379,236.470074328946,1057.18113846675,2261.40577604073,3056.65252321552
309539.35,960143.86,0.278999254041143,1.87738028543673,235.022000529937,354.359080083454,421.812818976022,7.49806295252091
132465.78,10043416.06,2.76171633309013,6.4746522376628,57.1892443865966,1057.72826223955,2260.95753758274,2720.45043916987
134658.53,9676623.17,4.63786985940229,4.48746818517212,247.783191720257,1025.67586930391,2265.23084309691,2590.42763897033
154924.32,6783362.44,2.99517730083298,2.19880005766866,229.89788373274,1064.40455947971,1447.62366318608,2223.33843630635
144384.55,8413343.06,0,4.79446500036196,226.907138633697,1060.49435694199,1447.69927762346,2645.12808854506
147041.68,7956334.17,6.22037419828408,2.88034496595811,69.3427426553025,1060.14333498031,1434.93859696734,2536.19525694696
176587.25,4840393.66,1.81058274487112,1.74735260355025,215.440483200425,1064.55158303162,1429.95633616217,47.2115944623204
164943.72,5610202.04,20.9206969308231,2.76595250777143,57.6231342218811,1069.05311870517,1399.22937729396,1831.75416712428
135357.93,9560806.62,1.77083338477033,4.75693032610897,227.389403159523,1057.11504700516,2263.40245289031,2545.58251550263
166868.08,5399220.47,1.21418871590819,3.88270755147081,232.516436012965,1063.66133823761,1346.92029484082,1749.01941687946
164264.75,5641484.65,3.58156399054709,0.0476357332766741,235.823457812247,1060.90197052056,1365.8868391389,1848.46417072173
175957.84,4859029.47,17.2975375200964,3.05514775738433,238.25756881574,1059.87356394383,1440.49553509305,201.852581592729
152613.51,7100438.45,2.03980065369886,3.40185233789045,225.750756125383,1060.24406070642,280.427454523588,2318.33684601645
146202.99,8125588.7,7.68923137972752,5.30539713901297,241.496485680173,1064.72621625865,135.69754468678,2579.85202899974
207544.2,3163359.3,1.43927955468844,2.17838899979806,239.504120171781,810.687682663665,1247.28730681789,18.4406113980306
121057.4,12101313.93,40.7997554677311,5.06033505656286,60.4224643825185,253.255645400109,2269.06161525848,3181.39665442301
149327.55,7564431.21,0.00361885898733126,2.14519551518321,200.43807745983,1063.30348691661,1399.88443463858,2434.11648488579
259877.9,1299306.47,15.4033827179031,0,234.909720895296,452.548831869391,217.565068090004,16.6321813705305
162664.8,5810673.63,3.1630476436746,4.24950515278462,235.617378620028,1060.77491384213,1419.94303294909,1910.42242914154
177962.32,4778976.3,1.55696336580648,0.417452275098249,236.082575996644,1059.8387137257,1410.83713802392,288.516762852709
128855.09,10713062.57,6.35718604403257,0.120715367388542,235.652491680465,315.496732306087,2269.60333081394,2904.29070251672
156874.19,6476640.77,7.00708284979666,2.31618104442283,215.016170518495,1058.05041320162,1390.38186996992,2131.57919559441
147041.68,7956334.17,6.22037419828408,2.88034496595811,69.3427426553025,1060.14333498031,1435.30011061238,2536.19525694696
147664.94,7868169.51,5.42747066831512,2.59962832809982,80.3348702994654,1060.77467914808,1529.45561337283,2516.28974336779
126195.75,11175483.98,20.9670045983203,6.39455401927497,227.225885121458,1060.19376033587,2259.31350045735,3009.77736087892
139219.63,9388123.91,1.10566280712217,2.72371799091798,55.4205173363387,1057.73345672125,2251.39243788661,2775.06476440285
145226.66,8263253.24,2.22482645667181,4.58179025758877,225.29028768002,1061.62753558978,774.414866014337,2610.27503354471
124875.22,11411381.23,24.5716473513464,7.77450958289379,236.488532925708,1057.18113846675,2261.40577604073,3056.65252321552
223704.54,2335618.44,7.41908756598825,2.52309254528887,242.371397903379,607.219595189501,996.810828709061,439.25723635544
125648.07,11256507.81,4.75200244671359,6.42167936943171,213.094835057329,1060.51371175361,2257.04606429159,3024.96116637669
242634.92,1733931.1,1.04383446163395,4.66987284319192,244.081047251013,349.632407706472,752.679218374518,282.805419846709
174586.65,4949275.98,3.09042937284589,2.21838156368802,151.488085393042,1064.61550867313,1474.10886427053,217.165458593735
133059.1,9968770.96,39.0729464924908,0.0373845720778294,57.0672643310582,160.112897504447,2269.03081467625,2693.51332277315
130754.36,10396592.21,2.36758256050708,5.2311776677896,227.260579083096,1063.71028378468,2274.73471617075,2821.76776670857
131490.89,10327360.2,16.2651912307063,2.51330389540402,241.884091481922,785.020261362683,2287.94691718335,2800.33403332444
163042.94,5783447.08,0.865935282999986,0.0863935022282614,243.145577573105,1069.91215293778,728.089811569621,1893.46783297017
146513.01,8055882.3,2.07231960577726,4.61910098492799,224.700438653417,1061.62148120232,800.602886843176,2561.8844314336
156885.82,6473635.63,7.00708284979666,2.31618104442283,215.016170518495,1058.05041320162,1390.68349796332,2130.64604868488
130380.77,10577017.07,0.0654910510660023,2.48937736773787,235.942541169768,363.289798529261,2308.79444176337,2865.82944160884
374601.29,371963.72,3.23375419121473,1.39513537598146,54.7832457955199,233.718076359057,145.229770736187,220.312471597366
251335.94,1593431.56,7.69163836149803,0,235.294696460825,567.881691675204,101.838109691307,245.811265933539
123415.9,11719238.75,2.37452675262176,5.42177559118977,227.811259451466,273.029914215324,2269.32608886835,3119.25992621754
148544.74,7700728.18,6.64339644562257,0.135816482192627,71.9241476239135,1060.53966632959,1363.96018085469,2471.60646497025
311629.99,917623.82,1.33135061179571,1.87382771290714,235.108300230946,336.304462184816,376.85214211883,6.13908765048589
165939.85,5477950.25,4.96765424412311,0.615272114873845,233.325805243247,1058.6133110811,1075.97565261919,1787.05475098056
150811.5,7325584.35,0.0572516111710624,0.192647038503186,240.404765091994,1060.85253889539,1286.72512299466,2371.19377976875
145318.6,8241437.56,3.70846703309688,3.31761759775116,225.791914967189,1060.28563300602,332.118059673335,2604.96316407127
205266.93,3319674.97,0.929186020050789,2.7897815513821,239.383066401646,805.619450850245,1305.46508741584,246.024029031294
143582.14,8544757.13,1.79818356949144,3.32481714183967,226.921265194377,1060.22841764256,290.547612258408,2672.66775933952
139455.34,9317414.92,0.00777781933792099,3.8898118154876,60.653532616625,1063.00326223791,1378.81158408639,2839.10953327951
188998.44,4425010.99,7.38954016177208,0.246743449764984,241.789200925442,963.061642990172,225.116621532253,1724.33879445068
304594.15,1025806.37,19.6968420675881,0.808799775334606,241.821573949184,309.841087325611,105.00884455624,354.050095545183
259797.3,1302293.29,3.37918633518443,0.000272332627103897,234.830211188223,453.825221828125,319.515544133272,243.74799077445
186557.04,4561346.55,7.40906943421956,0,241.391444902597,995.463150455364,1489.20446831995,1741.54538720213
150028.87,7443431.14,15.8095984837442,0.737075740995581,226.303717714911,1061.00493443503,1219.47461908813,2402.57998911551
155816.21,6646360.5,24.5329244943004,5.57274775348036,16.4009414097623,1062.54999579426,1400.32642307853,2183.31899717096
153298.51,7006790.6,0.602312231059777,4.87150019641274,225.736629564702,1060.51000000585,1437.57911988864,2290.79717522199
319262.43,858537.27,1.70325368939196,2.41555825226566,224.110172404195,339.111866740998,264.554050259004,198.478478764075
244567.88,1667266.44,1.04508180722475,4.37888660791162,241.407425970106,348.920582098842,722.961393009791,282.757427488779
211781.46,2892783.38,1.2343110588866,0.409451804694995,235.190435790697,784.511091172922,1155.34047530555,208.952571739014
124875.22,11411381.23,24.5716473513464,7.77450958289379,236.488532925708,1057.43289171079,2261.40577604073,3056.65252321552
213418.87,2795917.62,1.43957142433384,0.539964877162159,235.106978139464,759.674578416425,1129.77065652936,255.956365541904
319262.43,858537.27,1.70325368939196,2.41555825226566,224.110172404195,339.111866740998,264.503503036191,198.478478764075
256549.51,1410286.97,3.41892365886918,0.00037847069757195,235.207181463433,498.673226288571,319.61710226938,186.328165906374
147766.19,7849963.83,5.39788272507019,2.4805438017575,64.5341745541714,1060.85138788493,1419.18641297514,2511.23215395988
123492.06,11676665.7,17.9266814032356,7.29932135227329,236.428687822219,765.507375154052,2262.1551306314,3109.53114040921
125648.07,11256507.81,6.28441984451118,6.42167936943171,213.094835057329,1060.51371175361,2257.04606429159,3024.96116637669
131894.67,10149977.33,23.5793388688887,8.22148524739906,241.049216961188,1057.32000956745,2262.26894460547,2752.58765109745
260476.53,1288233.68,7.4254922224176,0.0627508833279188,235.193555500781,447.689270224132,201.624749060125,13.4292763019868
237798.59,1860765.5,1.21648833639797,4.71546615497636,242.149638772667,335.958877758963,808.406146231202,600.955197875159
133877.42,9805858.06,0.00815138067755931,0.174487993308713,229.712616304008,14.6488645252871,2262.708870363,2640.64731730872
223216.86,2358120.58,2.8190252045422,7.45585298551623,242.073580589452,640.859741572586,1000.71456744922,358.812641568518
127710.52,10981849.49,3.11582866073596,1.21416075682904,228.821370456883,1062.26775354317,2281.04419656663,2970.03728237105
174693.64,4945187.15,5.75525662725198,2.14448583979885,12.567062945335,1064.55290715775,1472.69788711949,364.992665097899
132150.85,10103030.26,3.54181944848434,4.48423419975148,224.509549783728,1062.17063464609,2261.92135203081,2738.38664828199
318436.43,878130.54,6.81575794313762,2.41568296867003,223.873632433723,350.896843277489,140.380531313532,283.278922094869
306647.35,1022342.11,1.61103530517715,3.35384560445298,235.211993372387,402.247900985955,198.589710006081,101.147486349811
148768.94,7676614.92,24.385890639723,7.6564945504834,236.159270598402,1063.08872530965,1442.00986919888,2465.80852958014
242634.92,1733931.1,1.04383446163395,4.24827831274986,244.081047251013,349.632407706472,752.679218374518,282.805419846709
121011.66,12104482.97,40.7997554677311,5.06033505656286,60.4224643825185,253.255645400109,2268.42121488378,3181.39665442301
224204.36,2308241.89,2.69920195400486,7.69002642385098,242.18505938541,623.540666366065,983.457025406959,360.864296181435
145180.26,8277171.5,0.0922625335528102,4.48667667673686,57.7736979561111,1062.9636003715,1451.9517307072,2613.72185896341
219512.58,2561608.46,4.96793340415794,4.75139624208785,252.025315756146,699.459602741738,1059.46386211172,7.88418432245419
142553.04,8744885.26,3.52020485016852,2.93780130267672,214.757729905599,1065.28816779237,1547.56314577368,2714.9838511243
143564.67,8551219.04,1.79930763877194,2.24344721091419,226.957647248519,1060.237398686,436.484370029105,2674.48832159203
185264.84,4642397.23,17.6312774652384,5.2110258634486,241.602754641175,1060.656770772,62.7673763983609,1678.63972627621
259620.23,1309065.41,7.68044647493883,6.95749597264747e-05,235.203002082364,456.744345696948,205.256902576587,38.1167961070171
133494.83,9897578.57,22.6118300019865,4.28705751999805,236.510527348856,1060.50594515029,2268.57391051732,2670.59532914635
135316.52,9639048.95,20.6185516210279,4.60992341849162,241.765717343287,1067.45143028613,2280.44256959275,2567.17194539875
206177.01,3257908.02,6.86892864346351,2.39314729217476,239.521811476334,808.615798199291,1282.14913107717,29.660410121545
159705.76,6152274.93,6.29578130979646,5.4797186268277,154.407421471876,1064.08231321146,1405.9416340873,2026.92978642008
112371.94,12758221.92,7.66354098956995,0.296053606221427,56.5519715749345,232.461266199036,504.914411581277,3173.68704400499
144006.46,8491846.24,20.9092309664297,2.3550696203289,236.485073148879,1060.34470496058,1413.76324493049,2663.55187934302
167800.33,5316488.57,5.5859730393124,2.63577603534787,60.5768428666105,1060.72637376642,409.701857833255,1718.86805328349
206121.72,3261753.74,6.86892864346351,2.39314729217476,239.521811476334,808.615798199291,1283.51232634164,29.660410121545
222832.79,2560268.6,4.90782772369388,2.10846998411229,240.183704875021,387.426293538227,1083.51004466249,274.261019248837
142714.97,8698338.07,41.9984547089377,0.0391839802063625,72.3319405331411,1059.95598019227,1343.68093138799,2704.62426427567
258218.39,1387224.68,4.95145789309467,0.107935400551948,241.826664664543,485.419084683476,53.4757014657109,176.964824064324
426756.34,51267.47,6.40431638964548,0.0100981411870514,2.83416487173265,74.7145975754781,57.6802576418252,14.0864119757721
124792.25,11423719.76,5.7886979646232,7.74748696906912,215.112209583296,1060.06445933342,2261.34341706849,3058.71840666225
187423.89,4530891.3,7.57143793193429,0.167533204234166,241.417474104316,1009.74993966876,219.306325346471,1721.54464109971
235536.42,1906161.45,1.2836179882917,0.723523146323631,241.908714792915,447.780037391897,832.796828009321,32.8029651046215
204041.87,3334648.71,1.52644356548408,2.24328562021585,242.940246128466,809.905000577,176.253838701633,1412.78738452597
158742.93,6266893.11,20.8941959526581,2.21575537555562,233.161213272845,1062.60908264794,1402.2081973047,2065.22445656916
145093.74,8286767.16,0.0922625335528102,4.48667667673686,57.7736979561111,1062.9636003715,1451.9517307072,2615.63419285962
152701.67,7091187.27,2.17768256208871,5.41478284438453,154.266440923624,1063.25887525734,1432.92379803979,2314.09661368345
139907.66,9237781.35,2.38052011232285,2.30245283113175,235.722740637498,1063.86226094737,15.5125683023332,2823.10164301937
264289.5,1208011.86,7.05202878629486,0.784719150584055,241.637735113575,401.090673549943,58.1479707170963,159.558051823491
145411.4,8233779.53,2.16281328867895,4.00317258267503,226.182024542327,1062.25409497232,831.447862471767,2603.27978329579
121103.16,12098314.43,40.7997554677311,5.06033505656286,60.4224643825185,253.255645400109,2269.9189192542,3181.39665442301
151948.19,7210880.38,1.21700235481855,3.491591606021,233.76484196195,1063.26351698229,1432.39683619363,2346.725509437
214170.36,2751802.22,18.6550859730341,0.429661257153548,235.158128499745,728.732069655723,1126.40115408003,241.878627694471
167703.25,5321751.59,3.47904669022678,2.31469171277702,236.500013428715,1060.36521402697,464.877293130163,1721.05356593468
148476.71,7727431.67,0,0.493555389376211,56.0864795990215,1062.7481705656,1366.83095900385,2479.38778599511
173374.41,5021516.57,0.0554640246570969,0.32599398099768,242.963368622991,1064.34539362845,1495.95624619635,1537.13951975406
239071.92,1826901.46,7.02272180143725,4.70603939856054,242.672033956586,333.94158500684,794.070922891082,579.071797284694
208577.7,3086809.52,0.179898645272136,0.433302843792895,239.101742726512,795.023243390494,1224.93092173718,129.845411014259
131788.84,10198767.7,21.3144147343821,5.35791411568957,241.933542640682,263.957295442733,2268.66786776817,2766.23376699803
140842.11,9035457.87,6.33440753522267,2.80662838525654,232.46528050071,1058.80325452678,1430.99109279328,2778.51134452031
